[
  {
    "id": "559484391098@s.whatsapp.net",
    "saldo": 54.89999999999999,
    "UID": 441574219680,
    "rg": "29-01-2025",
    "cortesia": 1,
    "mm": "01",
    "keys": [
      {
        "key": "D1-899536536721D2D-305574D",
        "tipo": 3,
        "tempo": 1,
        "valor": 0.2,
        "mod": false,
        "cliente": "559484391098@s.whatsapp.net"
      },
      {
        "key": "R30-899536536721R60R-310361R",
        "tipo": 4,
        "tempo": 30,
        "valor": 54.900000000000006,
        "mod": true
      }
    ]
  },
  {
    "id": "5594984391098@s.whatsapp.net",
    "saldo": 2030,
    "UID": 515286359687,
    "rg": "29-01-2025",
    "cortesia": 1,
    "mm": "01",
    "keys": []
  },
  {
    "id": "559484430496@s.whatsapp.net",
    "saldo": 0,
    "UID": 256874426176,
    "rg": "30-01-2025",
    "cortesia": 1,
    "mm": "01",
    "keys": []
  },
  {
    "id": "5511993480305@s.whatsapp.net",
    "saldo": 0,
    "UID": 302384514120,
    "rg": "30-01-2025",
    "cortesia": 1,
    "mm": "01",
    "keys": []
  }
]