[{"grupo":"120363022720744195@g.us","puxar":[{"nota":"catita","anotacao":"5 conto"},{"nota":"mom","anotacao":"R$ 38,89"},{"nota":"lucro","anotacao":"R$ 283.00 salvos até dia 22-09-2023"}]},{"grupo":"120363129678697251@g.us","puxar":[]},{"grupo":"120363147365015013@g.us","puxar":[{"nota":"1","anotacao":" dia 14 ir ao médico as 8 da manhã"},{"nota":"2","anotacao":" dia 23 tenho que comparecer na vila militar."},{"nota":"n3","anotacao":" perguntar se tem o laudo ao doutor quando eu for ao médico"}]},{"grupo":"120363163427817475@g.us","puxar":[{"nota":"M4","anotacao":"O SPORT RECIFE"}]}]