{"version":17,"hash":{"type":"Buffer","data":"RcIBWuYjPzdiWTi+rMvu4C59O6wR95V0M6zOlBF7MYTFczqw0dlrg+m397cTy8FPukOEJ9xc02hgBSTPexfnqbOeNyPZ3bVOM9aszUGWTYqNP9ppFOwmucCrEPYblxkvqhlMgQ3Jcv6iwmEVW/WUS93L3h4Mnu+1Oj033u5NYCE="},"indexValueMap":{"A0G8Wf19X/9R0tzCVWAtcHFadpIFCH+tQwE2sHWVuzI=":{"valueMac":{"type":"Buffer","data":"c5k4iYdA8yrxKUbVDQBl3ae5tw6PiUcovx4LM31+6pg="}},"BocoAKeagC2kPTMk/20H3cpAcN63wD1Jx8xUDlZ1dbU=":{"valueMac":{"type":"Buffer","data":"TeAlG91d37hXaY9TzBcVgDcCGwwq8E+S1vcTiT9HOr0="}},"DyVDUFxeGKbiihqOT8CliLHM1JY8Pq/xCEF2i+b3gYM=":{"valueMac":{"type":"Buffer","data":"u5yOJ1KTMAEdSr/wt+VKiW6KZF17hEPrKyS44CsJtPQ="}},"D736oeyCFWlMM1f/0oUdE5ZZUQWaTBJoIrwOXliZnTQ=":{"valueMac":{"type":"Buffer","data":"abfUDH1XQx7FAavhMHSZjemUJ0yKOeSd1sW7xJTvyo4="}},"FnjYRaoGXjdvP9M+vBjuk4urJstspEbsYIB97mHgYMk=":{"valueMac":{"type":"Buffer","data":"8lXuqUqhBJ/BDXxQ6nIJI2k0O3yvPwqVGNSy+in4PpY="}},"HdzGkhXojs7Xs9eVADRtyywRTI1oQV94CEBiy0G3IEQ=":{"valueMac":{"type":"Buffer","data":"JTwaECRk01ZGvNcHu/oWjKEo8cr2GpzQ1RGSp3Vkfmo="}},"HfGUo5pnEwTRzct4dTOZc059euY3ov4uE+ZQ6uDMyMY=":{"valueMac":{"type":"Buffer","data":"Q9cGuqxS2N89E3rMCZel4QgxwKgHg5OMkbP2ff1e8mc="}},"Lzg4dfvHr2A55zRvc5Y18T1C8wiCX38aoaa3qrieauc=":{"valueMac":{"type":"Buffer","data":"KYYuuiVyUZkOBkA8GCjvyqTZqGFnExcgpAjI39eFReA="}},"OQr1jMfdbfFSAML5926J1Z1/UlrkCh0h3X+xWXhBZ9Q=":{"valueMac":{"type":"Buffer","data":"AApmWnkFwvfWcabV/ST8809EtdAfR9ZNqfzOX2yT3YE="}},"OQ5uF6cbGuXFlizKURHXhcpj3y+SPY/06WFnXydWKs0=":{"valueMac":{"type":"Buffer","data":"ovwJXaGI50szSYiYSS6/ZSSmPp8DZHAHmWPtu7HHWyU="}},"OgY81sYDBeEAMA1W/YoYU7Lb30imi2nigSwN0KdArJE=":{"valueMac":{"type":"Buffer","data":"c5UxvOMX9QWQJW+JniUlw9/fQ9smDB/H/WIyZ69XNIs="}},"O1R6Gk3Q6YrCKzB9q9/B8i0pj4FfhQ8t/1k2Pdp38uc=":{"valueMac":{"type":"Buffer","data":"lqWQbCw80m1TabVGtD97YLZD22SXzVxLSL2D874pUXI="}},"O9lYq5ym4IM1hXQU78QksmZ31ogvEiYOXHaRgO1rWVY=":{"valueMac":{"type":"Buffer","data":"obAFeE1x7/ls9pKIyb2Mvm4gRz66V08vqjsg6wHI/LM="}},"PrdL+xRsOzChSMoWFqNB3wT+Bri/PZFxwjasneLmBKk=":{"valueMac":{"type":"Buffer","data":"Iz6d64F5sDo+vXgEM/CkFZYQjOCwlOrjmSnKjKCwLo4="}},"QLbVtG6hGiGbBak29CNxKaX+4kIqXHC7Mc/Ur2HpdG4=":{"valueMac":{"type":"Buffer","data":"na1q3KS5tsIrKZMJVZVil5brhewqRFIIZmibUS63xg8="}},"SYoxcbGE5cjiIgOzE0fnktD5UEG8KZUN54AZHAgs0e0=":{"valueMac":{"type":"Buffer","data":"UcOzJTkubr5zSHNMjajvsNo82FokPxDqtFxc7a66Dh4="}},"T+c28AeNhwfiuCVr8VRmR4NDZFQl4yKh8tN78XdMIaA=":{"valueMac":{"type":"Buffer","data":"68c/mjocJJb4+/fwa/hFCUo3YizFmHD8/RFcXcNbDW4="}},"VA+L4dVShY/WXF56h86ktOy7NZ9scZUelv/RuOTDwpw=":{"valueMac":{"type":"Buffer","data":"mvB1er6e7boCL01iL3FDBlTF4IyquZIPckfg7nYTau4="}},"VH36LH0/a7x4gM6AK/OmyaWW+B9LeSpb0T5DDan0mPw=":{"valueMac":{"type":"Buffer","data":"0UZ51sIO+pOjvn9eXgO4HIfOZ/7tXXZY9TC7heIhEwc="}},"VO92JbrNnSBdVrhTg8DJRQ9erD3LkryRSsr19eKmUAE=":{"valueMac":{"type":"Buffer","data":"frevFUBT4Tokkbe34CPu0QHgttXCSll5WkiB0qYFh6g="}},"YGBH202fskreRxfrCloFB4EtNC2GxSuWMtInLh4GPpA=":{"valueMac":{"type":"Buffer","data":"X6TjIMwy9sRQjmvG72k2rG8RodV7IvpSemk4KUZIDnw="}},"YvaCAFfem8pXWOkjgB8sdn/FlycX+T05kHBFLCmKWMU=":{"valueMac":{"type":"Buffer","data":"jfP3TKA0O2wPc+CX8Z7LXsAkTv2gz59wHZDzHh2d288="}},"ZGIff7LTllw0kpbLLbZaloEcrELRQywPGgCzTHNrAlU=":{"valueMac":{"type":"Buffer","data":"RGT6sAHrlT/2FniaraIeAhHovlTVQi8zEh4rPUIrnbM="}},"aB2ZILSxw8ZMl90GplWTCM9A+XmdEsgSEZFVnClcdPA=":{"valueMac":{"type":"Buffer","data":"kRCtmpp0OeTnr3OvvvCtL4vMfhU96JYAmSp+sYT4GJ4="}},"cWaCtQD++W8ClGiNAiS/NQ8t1gxlBYIe/l3G5G12QP8=":{"valueMac":{"type":"Buffer","data":"AxRSkk9BitmZc7Pk+YdzE/eXSF6UGiV5UoVDtdlHxao="}},"cZt2ePDFiHXVffqv5Yz5uNE5kbNzl5Ac1uFA93yK6Xc=":{"valueMac":{"type":"Buffer","data":"YIXKHcrs0f9ESwEnVpAUU0IMqjbshNcoTH7OWbzT6rw="}},"eH9svhDp3pba8iH0zrXZ8KYjdcEzkcwCXH/PzAEwDHg=":{"valueMac":{"type":"Buffer","data":"5GowIJorvTvezuiLGEtwB9H4bqCmxNiAJMUucAodBqk="}},"fBXU8rr+RY4F+9Vau+03OiiZ8fGXnpUuOAp4ZUCps1Q=":{"valueMac":{"type":"Buffer","data":"wfoAnUTgnJNuXmy82nNaFf7eGxh6R/fcQnxgaEbS9KM="}},"igOllhwKvHXVOTiI2mnPd2moTs245xCWfNBPyw8HJGk=":{"valueMac":{"type":"Buffer","data":"3Xl8t0SBN8uHgZJCrBsWjn30pnTKcpg4AWyulcsyI4A="}},"ipZ7I+HbRxP/jiuVzZEO4lA2WiWeKcSYo8ZL6999P2Q=":{"valueMac":{"type":"Buffer","data":"6SuD+oNa1Bv/4AJvYlSynQwGAEx3x37/UH68TWf8V+I="}},"jGaxBinUJ+YHG0qMXkeuaIT5LClOAv7DreZlVQreYCU=":{"valueMac":{"type":"Buffer","data":"1ZRBtkMHyRMRS5OfhOgQWljT+GXO9rpI8EHB/WRsqVg="}},"jfbI86RSM+jfSdDTkhOyFYwzoTxXT63oUN1IZ9c9l4A=":{"valueMac":{"type":"Buffer","data":"aSUojXTb1NDmQvpLx4V4jha3alPIkzCjcusOiQL8sdk="}},"kZlsUU6ENsGpDIfk4eago0TqRpN+4pWk752kTv4ywSk=":{"valueMac":{"type":"Buffer","data":"gY2JWW1oJC0CTSC1arieqsubhyEQQU+xTCSdlaCNQiY="}},"krU560GIJUncsZCSlYKdHGf/GJNw7cy4K/08tLy8Tuo=":{"valueMac":{"type":"Buffer","data":"8AeJxyM9WVzCEwb3qbFltW16pV9f4/JJjueKOaVbVf8="}},"mDw6gqbV6He1Z+2lyLwFH28VBFT8NDn7zF0T2Lb+lU4=":{"valueMac":{"type":"Buffer","data":"YXNuU/zS2mTcv9zlhHdBTrvUIsTQLTkcBxZoUKreav4="}},"mJVTSXZhgzUyhMQYyW1AwrNt1oq6qFfbOyVjy32wN4U=":{"valueMac":{"type":"Buffer","data":"iEDSEiC+rS1Xd1KM1pWgKSgcxHzbJIddczL2CjWvrDU="}},"qwYmwxKkalPj/DnXexq7hkJM7ctS9zNb0TjqQxf6rD8=":{"valueMac":{"type":"Buffer","data":"Q1+yDwtnZosxOt3WxMAu2lNf/KDY/QKSm4Ca8y4HamY="}},"rtOuyrY/ttlYhuIiPkEmLEzdqcpcOZZIi4D9ZL4lUmM=":{"valueMac":{"type":"Buffer","data":"6GQFKPFzwuayuO5jHo9wanGQODcz9UdYgT1RJat8KkE="}},"tHOoUtH+PlxnYuTj91ySrWwQR0PxM8cGlDQ7iGbC0CI=":{"valueMac":{"type":"Buffer","data":"AOroj3bpATsfGXZcAhSW1d7fB2jErutGPCU5GYGR868="}},"uJZQOzVyXJrdyv5NkFrc7rIBBXaqz6VvHFI7cGJ1LIM=":{"valueMac":{"type":"Buffer","data":"GwXWboT35UjjU9zi2SB+ZBNCsc9PYAk1DSXK3YJSPsQ="}},"u4HyTA4y/2iR1fB2Qy8glOLIfZ820v1kWiaSCRywc2Q=":{"valueMac":{"type":"Buffer","data":"NIKhgHPBz8DIHQ4pzwqeFRMQ3IbMnJqiLUaSdG68b/Q="}},"vzv8K/qo9zZQsPBPRRYnuD0mnZ+SysobmRBjwKTuImA=":{"valueMac":{"type":"Buffer","data":"oAo/d+yTgLyAs4X2vBLJrMZNwaPfX8onKqVisEnpBYk="}},"xExRjn3zN+uSul6XONTie4ixgwjGpP+0kcBJqomBWx4=":{"valueMac":{"type":"Buffer","data":"nyR3IIC0n+LD++ST/F7hNf0EcjKIkLzDxzhdvlHTvNk="}},"xHitgeb1Qdz3CEMYMB4q6Omp23UYI+t7zORt0uIFKJA=":{"valueMac":{"type":"Buffer","data":"G0dIqLcof6z7NHaF5KCAT4W8dZIhDV0B4h6XdK1dawI="}},"yCzQ+NiJdkxmLS5v5/UWxH/nKmKM5B8QW2zXYtUVj+I=":{"valueMac":{"type":"Buffer","data":"FC1ZJ83mz2icU2Kl2FBVw0XfaopkauHgMFJgeWG/Eww="}},"z+nUeAVaah0/p9eKCXgt/PFjPtJAqtUdQApxTa/aF5E=":{"valueMac":{"type":"Buffer","data":"9xOpjnVea6Idl5cLSGsaH8EAMw1Sj35K8wHya37EWvQ="}},"1wc+M7sxMTUGC9G6o/48198vyJfX52Z34JALR1dabUU=":{"valueMac":{"type":"Buffer","data":"9Sg04zc+5gRC22ul+eerOF2eTq5ZAwqAA0uRRpzDws8="}},"18l8rEzJ6QO6t2J5uK05hJAiOkfCxQAtB+lMlEWQ/zk=":{"valueMac":{"type":"Buffer","data":"LmKwb49UkZkq1XMVxF99crK+UMDeL9gPzGAvUS+cHzE="}},"3Jr6dnew7IzAbYeREseYmtu/yikRECOW+EiQvoVZEDQ=":{"valueMac":{"type":"Buffer","data":"QUIFNhd6516lSHamTsMmkSt4Sc6vp7zfBpvrx+tJjLA="}},"4J/rKJdC0TA6NHpaz0KnnCsimH5uBij791frDQ5/oxg=":{"valueMac":{"type":"Buffer","data":"A5MIK9STLfNOnoweXXwed/frytU6dmOqv2U0uBMVBeM="}},"4x4H87tQcfv/qGqMz511XFLP+I32fnkw23OpSXGnnlQ=":{"valueMac":{"type":"Buffer","data":"rHV+KZhJMM7VJShLmEOmwdRnJefVtjSex3hbuh82WeI="}},"5cjBv65qmT4/dL/LJ5JDWrSHlbuZI3YZMspNZX64lrs=":{"valueMac":{"type":"Buffer","data":"HBUYSRiormL4JkFtj0Se8V/GRhaXxQ9z9F09E53104U="}},"5pQTbRaALdhilfcptMVUfd8rqezCGv+IjZfTS89ct7M=":{"valueMac":{"type":"Buffer","data":"V5EPupKVR72WALdcye0rGiW3qAx28kLoXd6NW88PBFI="}},"6h95LrVw6kC8gGZ4hjT0wXS2qWjef4m5X1wltxmssdE=":{"valueMac":{"type":"Buffer","data":"1/6Z1u6OywgQU0+OBMeVNljf/JvqTL6ZZj48FVW7uKY="}},"6oRDlqhIiLX5r7Tr/lQKBFkHJZV89X7IbGErs6T/1RM=":{"valueMac":{"type":"Buffer","data":"X1f8rQbisITJmwu/So1kNjdbfzdfFkiBSkd83b/18rQ="}},"7j6tj9LjRx85TTuo47KfAgCFVKTgkb7tHyv/1tp89qw=":{"valueMac":{"type":"Buffer","data":"mptHrfziTWuDT81ITX5wnGqlC4BdiRRpfMKdHFJxX8g="}},"7x4fxU//Isb/suH4O+Q/nA11mjfmIQLcxWVbEnxRTPk=":{"valueMac":{"type":"Buffer","data":"Plqrii+oYeq0fySTMGA/1gpmpmjNqDyeGBI6nW4fu90="}},"8q9NdmGqLyfRYTtELaqEqYa23MEOk0XsBwjAShsRQxc=":{"valueMac":{"type":"Buffer","data":"WcYufWvXPLJN3IgVGMs5Gp3liKjdEqO4YWRwy5+pm2k="}},"9t3jaogZzmABi0VuRv7Pf2rUawU8CXjux763BHRynLs=":{"valueMac":{"type":"Buffer","data":"upd/xE6bjNdSLxPTnPBoJZkgi0GRJoWU+KsAV373IlU="}},"+GzK9Z7Uq2wgAn+YY4JwYOun6jBYTpMqSBvXtO+k+Aw=":{"valueMac":{"type":"Buffer","data":"VzJCCiTmyKCygBmZb4yiXAz9M0y8Ywxq8EGP29xPxyc="}},"/L8BNHvkK4+5CebRoMKd38yw+4YAjOxPTZ5qT2FS0tI=":{"valueMac":{"type":"Buffer","data":"OKluZn1u3VOMf7Yku3/Ho/m2Vn+Fupp5yyMnVOlKtJ8="}},"25uOBSDM53sfsUJMRYqZaaPliL9refbsJvKmiVh1idk=":{"valueMac":{"type":"Buffer","data":"xZRJ6a2kIhN0Ii7ptvrezwJeblXDpV7fRYrOtoeK1LI="}},"d5uJvyt3cHNpETZ8g72D0A1a6i5GbGrmXaKNcRhH8jU=":{"valueMac":{"type":"Buffer","data":"dxi+B/rXzls/iwZ9FrSCXOnvl1u68l68UIWe0+eEFCA="}},"Q+L+CghMfD4HpgmWA4oLUYZlzAugU5CvFv8Szjle7EA=":{"valueMac":{"type":"Buffer","data":"Q/QJJKsYkg87XOe3q5tYzyDkqnePHG0DdPrOj7OL/jM="}},"kOxj1vA5kz4xO3PXHJYoJrdqadKl8loN825isSBiTiY=":{"valueMac":{"type":"Buffer","data":"oUq4mRs7ue4QeHxWbMTv2qxToqnUmi11oUIM0wi6F+M="}},"ChxjkqrLiC12DihHqh/jRATOBgtgjNG61TheFqr9D+s=":{"valueMac":{"type":"Buffer","data":"FlP2jRn+J9IbX+T/fpIJ4rt2emFt3+INS2816Qq5+A8="}},"yIaFl4iXhocy7Hs1e57mMkDSNtopTGHF09GNHpzApDQ=":{"valueMac":{"type":"Buffer","data":"jN87Idrn26eXFzVjhHAKw4KfBokobSSacT68bFfN5oQ="}},"p2Xv5BpWIq4FxRM+hXXiKHIPEhBD7TJfpJcXmmDo+Bc=":{"valueMac":{"type":"Buffer","data":"FhxhMbfdyDDRd0NYlH6Ufu03brbAulnDricW3An0KRs="}},"ulVm9IapfNdUgZnwwRdSvyXBMUvW/K3VHUpfMWuNCcE=":{"valueMac":{"type":"Buffer","data":"Hn5WxGPu95a6Z1QzBPfBavl06m5Iby5bIqAnbj4Hugo="}},"xR+4bCAqold5CYEXuIbv6q8OXtJENOUyhHB0OLvkkU4=":{"valueMac":{"type":"Buffer","data":"Oct/LXaeEqodU3Auv9wvEM0ic7vp+MtbIgmFHeEbkik="}},"50SYeP+pBB5Ct3h4+JPBTYxhwClOsDxMdA0JX9/nKaQ=":{"valueMac":{"type":"Buffer","data":"x80FIonwxvZo03nm19zIbJHZrBaNDBzuL16BW6mneJA="}},"VfNY3gECtIbWJcyYEz3rxb8vICgebahPbe3Ljf6J0bU=":{"valueMac":{"type":"Buffer","data":"Mgomi6C6I1n3T8dDHvJobcqamPp3eyLyGMEZLbcVxTw="}},"3OL0MYSoqqhvsBnxQzmnx4T90JrEM+lghlKCs26F4R0=":{"valueMac":{"type":"Buffer","data":"7fGB+H3+OV3gG/wJ21dwU88RyE7bbPcrh9FX/F7mWio="}},"W/UN/csv7w0lfGdBHw9uGmVyfrZtx15sXMcM0j/lTxc=":{"valueMac":{"type":"Buffer","data":"SRNipBt4RYP9JrZpGe5XWeeYr78v0kgcYVLdVbfTnNs="}},"4IuilOPQhlCSd4pm+E0vBP7VBEauQyhQ+FDc0uz148c=":{"valueMac":{"type":"Buffer","data":"0+p7jtsRbYi4Axz6v9l5jjJNHRt8tBE4v0N2z6hZ5/o="}},"ZE3LK5YBADlQDRbDsGGp2Kn55aFIfZcuLzKfBnNb33c=":{"valueMac":{"type":"Buffer","data":"0j2vPlsFLANmHn/6TPQgfgaHNtm8juyQnoBc3UGVKaw="}},"iBPyMP7Ec0SJVZbjNMQwN2rlL2xilOxaCTazmH8bEhk=":{"valueMac":{"type":"Buffer","data":"wODdBioNsWuT98a8heqG5Ib2heUC9gfowGik8OFiFLw="}},"eRD8xO0s99pJQ7HpuS0sxrxGIEo3c3U7BCNmA7JL83E=":{"valueMac":{"type":"Buffer","data":"XHOD1WJFXh5JOLD+0ax+ynLhTff0tMZJx+ZtYGgnwOo="}},"B46NtX6B8azQYWaImtigahI6lMlypewdF7rmQ+3fqK4=":{"valueMac":{"type":"Buffer","data":"wQgSzg99DAlmVcD+UWuDC1crA9TkEXeUYXavGS6m1SY="}},"ixKZpDzxV3qr3/OBFD7C93TaD29vrQZ0yZZzHYNgVNY=":{"valueMac":{"type":"Buffer","data":"tHB96bEWpCMJigyiwfs+OYE+4O46qnGx7R6MqVjxZ4s="}}}}