{"version":25,"hash":{"type":"Buffer","data":"skIIm0BWX41RRXDjfqPUvPagrQCbaL28MfIJv8YPYlKRLFSFcNw4K+o7cxMdr6gM9ewDIoRv4ZFgDNxCI/dfZpzj//4KlIlQSLICJYqv5CS4rVN+SeMSKaOgm2HvG8y+xBs4QtL3zSDxge0JjWCSvgVQXO86go+X3vem3UMixGM="},"indexValueMap":{"iw7nugjyRKvXyQPhYMMIrJmz8TnpwEIKj5HFPOetzFc=":{"valueMac":{"type":"Buffer","data":"sbUFEeXDUUkVrCBruBrrL1iVCeleKPWT2WJ/nZHWWcA="}},"GoDnFG3FvtdN/bsgIz0A1nUSm0Ammct1nKaORKkzxw4=":{"valueMac":{"type":"Buffer","data":"2hlcn0bA/2cBaYIGSMaOSX4vdVnCZ9q6L6v7PUzBnzs="}},"Td3qAS1IaoDvqBqTqLs9nYmZDB8oJT7m0yM1EcClJbQ=":{"valueMac":{"type":"Buffer","data":"YSmcyK0LAlXf6nrZHtSok9wfhfNb/rcnLlp7koNvFso="}},"fxptH0hS4p05xjirhVfxFh56OAOwDG1vmhOI80U/OFE=":{"valueMac":{"type":"Buffer","data":"QC1I/0E4H0Im460yCf4nZZL/7MoBxFyGq0SD3JK6whI="}},"yXlV8PTO/7Ucnppa//luAtfRYD2KqfqolVglhlN+YsI=":{"valueMac":{"type":"Buffer","data":"KhBqkgy69RC5CeLQ3DcX7szPwCbfoxhfx10cjwn0QCs="}},"/FNl40Fe5CmtNNEHKqSO3tkg6KgPgGpddgRICQispbA=":{"valueMac":{"type":"Buffer","data":"EjY3UWLKcLQ5X1ZMLTRP7riOoaxXLQzAoSZ1v4t3M7E="}},"zB1YV6VHjSgv5yvzY9O1ym+pe6bpM6MN98lrdwi73yU=":{"valueMac":{"type":"Buffer","data":"SZEhYtdI7SwCXpZ2ytOMf7L8S+gEEMvNUb5QTA+Rb1Y="}},"gQIlW5mJOYYAJGJuIyKdRSwFtWA9xVbD3dKKq+uB5AU=":{"valueMac":{"type":"Buffer","data":"40sb2NKnJe0EPK7DPNudliqTW+wwj5+hfk5WrWtC5Ok="}},"859PI76pP064PmeCAOX+/LWyn4L9eUPTpvbgMWxyy+M=":{"valueMac":{"type":"Buffer","data":"WtwANq0xAkWE4ocl72qEAivNFfiJcLmk7m0nOIvhI1Y="}},"kzSB29OPWMvfgXG8bLnmF1s5WeijYUIdip2XB09LFo8=":{"valueMac":{"type":"Buffer","data":"1Xx9kbGap8aS7zzoHzI6sTtcPlJbEiWh9snUYuzFOrI="}},"3QGYc05UJwCWU44csv6Ssd7yONlFP5Yb70zunntj+io=":{"valueMac":{"type":"Buffer","data":"mfE8ZAuFUN0iiLDuQEP0WNIp6f0D4spjveHkNU/AE40="}},"xAD/7OKaLtJZiifU1SeQafwaGINqUe+pGHQQ6y0sbUw=":{"valueMac":{"type":"Buffer","data":"aZoWzx6gHD+mz8XA5eQAj/63oW91402L1kn9z5bbK8w="}},"kZrOarGmPTHr34jCVJBcJOfVqk4X+Rbub3XPGnQXvjA=":{"valueMac":{"type":"Buffer","data":"yGgc9WHsopf/0TvQnwoAyXUrTQX+mjcEPAF88O8yVBs="}},"+RzRdxlUM6W3DCECdAa6Bd3doO7Bo+f/9RPUr0B1/+s=":{"valueMac":{"type":"Buffer","data":"7afvzqFnhXpxejW1XU8XZB2R16AuX44kJjkFPKF94e4="}},"ZK8TRFnFQdf3mJdT3wAt4FbnPlgn/Pto+E/AEK6HM30=":{"valueMac":{"type":"Buffer","data":"FP5ysbr/WkUjOWtGCXEAo32Z/4uaRPGWySQNQV8Qqvk="}},"SpPYEHL/FBH8Je4QdqZCoU6iqmVSVByvP9qJoMLR5ig=":{"valueMac":{"type":"Buffer","data":"wGCYCmsmLq3TlDv6CA7ZD8be98Z+eXJyCvRXKVOOZyQ="}},"9pLHDy5ZTZQziY+KGkKKXa+QTLY8bmO/m4dZlH/VPNk=":{"valueMac":{"type":"Buffer","data":"SFl1OLy8Myoj3Q5zC3tfXmDUFbh3lldVZj1Kt+J/W/I="}},"s5jElvusFCgRBAPk0XvTBKhDyLAI6XhHwZenk5diuOM=":{"valueMac":{"type":"Buffer","data":"/tNbJcQpiE/JXkdbS4HCoj06Bmle5B+hK8QF+00bxZw="}},"IhuL1fGLdpfKPt7H7XAmGhAs6lpQVSI04yySDQ7PzGQ=":{"valueMac":{"type":"Buffer","data":"o2HN25zZuahpixtd+Q3aaA/x+k1+vAbN/E94FEJTC+Q="}},"Q6pPe8npL9lPiB/4NtTguAHQnH5N2ozDZfFDoqtCmjc=":{"valueMac":{"type":"Buffer","data":"0aIzIiK8Z86hzVZXUure3A6lirDYnruDutnr+aAuK68="}},"3tX/y1P9sswn81Jo0d5EEtB8mrR7YuxY4QII4SihRfY=":{"valueMac":{"type":"Buffer","data":"p7lnLXgVkX3sahF4FpiEgv7qzlgMKOVrZKqa+B3TNLA="}}}}