{"version":28,"hash":{"type":"Buffer","data":"apHT9f0BT1b58RaBQOIMTt+DFTW4VWugsSIx+p1OihJGLmmF6V/hzx54zzdACm6P10uY5MDog321kcKwQtIQiezkITknAnXVATcPVcFUR1MqNprwf1qCLl/3wSgsNEz7dYQJCutlA7MYS12Viv7qUNlOVncsBN4QlKYLVlKFgoM="},"indexValueMap":{"ZOIhKSyC9RFKHJulY2owWnhfj1QbFl/0S4HGN9WUjws=":{"valueMac":{"type":"Buffer","data":"op6a5G3WTKXEupCjNiLhzCTI487yTRlSRYdlUxEPC5I="}},"b/+74qtE7m9wt8j1SQEMuNf0lfHRKguCCt9qpaw1SPk=":{"valueMac":{"type":"Buffer","data":"SvWHOXiZcerj83vyO4SIXGVsbvoPIUnsEJ53P6FSNsA="}},"qtV2VIgtHuGaETfMuZ8iIeJ2I6BVYrjfvC/nsuf6YmQ=":{"valueMac":{"type":"Buffer","data":"kfgInIwD0bH9qE9UqBeBBQEDGZJ4haJevT1N1+z6M+o="}},"uy8b+lC1zdwISDxD7mhNWBmBFuTdEcPMQFAVtVqRes4=":{"valueMac":{"type":"Buffer","data":"xva1jzgIpGquj7SmdCeDYbKi3+vvc43AgYZEs9XKbZw="}},"9eSfcO+9tN+efBOqtZgFzAcUrmb+dfiXhYdpj3u4pl8=":{"valueMac":{"type":"Buffer","data":"wzSGKrogwa/A3bNGDupWfcztOY1IZxTlgQOzkrZVtLk="}},"Ag2d3U3EwX0pqEyyM5pyEo6nGq8I40Ljp1Rm//CusBw=":{"valueMac":{"type":"Buffer","data":"5BdXfZXbwJ+fEESA3/uYUgHSpV+FGC28XgY+J4JDBSw="}},"QD+UbWIBB0YiPILqtBkinTcM9S+A1MVgiAGryQe5C2E=":{"valueMac":{"type":"Buffer","data":"5FZLMGkvNJxHnDhDjOZ1SPYqkzMqCSdN/USd6dA9Lbk="}},"N38bomai0yLr423b+KrAS3L/FJqhsk+qcc9wNIUXldE=":{"valueMac":{"type":"Buffer","data":"asc89oVxpe/y0mi852ZLB0aNmRU9ZhsrOmH6KjYtCcI="}},"6jypvQ47baHsrnNHBTzUebfX/R8UdporXEhuJOlM6EQ=":{"valueMac":{"type":"Buffer","data":"nYpf7Pv1Vs7fBmm1uTV3YsUsh6yAUeNmESNL20ckABk="}},"mxrPjYKWbDz5vZ/PAumGtFGvq6bQxu3SBVZ5Q1xc8eY=":{"valueMac":{"type":"Buffer","data":"eAw08I0Wu52G/g5OWfReFo8NgG5H0g/0AOlPJwNgM1g="}},"VHTNaIUaDCLOtBCuoiXqTRRTKMJcQq/EsItqiq0W+PE=":{"valueMac":{"type":"Buffer","data":"m/iaiinRA1g8hqJtZSyJquqeKJkYF/HxcsDHVE6ncX4="}},"1VwdmgPNKGzZ/ddo9zGOT7qpPRLqLvbusQldye8oHaM=":{"valueMac":{"type":"Buffer","data":"gutvC4vPhiM4PXx5cb/jEMuAH1KSP726Epq/MZa7yrE="}},"dYEOuj/x8+LtSmEUgwOvcORo1VjptdiJxw8cpxW1Ea8=":{"valueMac":{"type":"Buffer","data":"2I2K6QJGGyTbV5WBb32nHVgHdKhn5iihhXCZeSbeOE8="}},"O1jnHXpWeIAFaNubdss2ljCga8BgeV9jKURs6ltpyCs=":{"valueMac":{"type":"Buffer","data":"gLd3Y3bvG2S/HmiUcHLjcXAQtbF3bn/42SljBRNC4Uw="}},"9IOmBqzRQPOA5lyJEtSqlzaZp1zBRPtnHdJXLWKSbl4=":{"valueMac":{"type":"Buffer","data":"HSJm2GBugC8sKh4KKuIROAmcBWYq2adT2DtiE4Xrm/A="}},"+pKnGK1iZ7YBXsWO8vLlQRkKw6m72ZEB1fcOLZ06hhU=":{"valueMac":{"type":"Buffer","data":"uS1whp0T+skSpcG9Qti+8l1jk36mujbqomo0t81Gz8A="}},"v41FtpQXIc6bROuPSrGHJl4g3Tog3cOdibXI1E/Wp+w=":{"valueMac":{"type":"Buffer","data":"7WxSsfZXn9T0UcKuvdWw0xLUBVmCtcxQ5sg0dfU8E2Q="}},"nD94ltSsB/rU8ixAVH3HC+ruzPD5XsQGblyyMVsLosg=":{"valueMac":{"type":"Buffer","data":"ZrCCBuZzwV+sPBsildt+JFlkTpjgRgtElF+7KHNgJJI="}},"bCgJWdCWx639Ix6QGhwWA8jaYq7ARRMkmCLF4lbJp0Q=":{"valueMac":{"type":"Buffer","data":"N09ItbP03Gouj7WLRsnOe5GTTkjwmPKSlJlS8AeiaVw="}},"gJKFFGtdy6izuXTaQFRIKgB+fHuF71r6h35eL4aw2oQ=":{"valueMac":{"type":"Buffer","data":"k93Y8nCJ6qbD5t0Aut4wUwnMP9TUodD/i2vXs+2XedY="}},"RogdEWP70XK8M8PuwSQopo0Eos9xXLPC+YhDPctqq2w=":{"valueMac":{"type":"Buffer","data":"Wp6ZsNsRKobd+zQGJMoC3pqm7Mmp7dx0Z94uN7ni1yM="}},"hqH6Yej2Eu77ju7goL9bOsE9n4rjaWoWURPG1ot1/R8=":{"valueMac":{"type":"Buffer","data":"bKEM5S2uq2pW6pQikLN1SZQp5Xp9d2Mo/cu8W5jhW2U="}},"UqG1sfRSYcGAWCHgO8bug/NIpev+aosMR1EnIs360ek=":{"valueMac":{"type":"Buffer","data":"5csOWWbJHj08Qyqn27HJknrnb8sGDT5yKzdDCe6A1gk="}}}}