{"version":11,"hash":{"type":"Buffer","data":"FTurq3fLcy7j1/5h6OEmi4ByZCIiFtBARNFb/5tAyHH/MsVFk8ct0Zm8EWo6xuMVzbtfnK/A/407J4gVX9x0EgsxhBD1DZtdtvZaJWJVUtDKMigPyF8WZHym6BlXn/e2X+C6YVWeF5TvnhDoni1nQQOciyylY9YAP2qDcAHcssQ="},"indexValueMap":{"cx8NAqOeuddrPys9jzJaITKqFihX+pJChGKabFouB6s=":{"valueMac":{"type":"Buffer","data":"KaZp8i3ZUN1HdfIjSlSSohFfz02GQUDj1wTq32i8fZ8="}},"Cce1tOO0yFjYXbmuItwRp9ZxP9AP7/VKoAioRC6DeoE=":{"valueMac":{"type":"Buffer","data":"tSsxwrm6nfZBr+ei+YxH5J0XjK/GPTpKG4yTku7eHKg="}},"0x/tMJZG+pbfclJMMqk7vCUUEDYLALmWmse1TSErXtw=":{"valueMac":{"type":"Buffer","data":"VigUzPQf2JX7D2QHq/jO7ZeWLCX1geJeSR9PGObOUy0="}},"mIKhNjIlMXN9yA5v/uPCoIIxZcBJGbfNv4JjNtX9ZyA=":{"valueMac":{"type":"Buffer","data":"gSmPh1t2aED9UVvUt50upLUrjrwVQTjQf5NS03WGtr8="}},"yPZM7vPh0cu2q54SR4g5M4s4AtraFfotp3yMn3g2z/E=":{"valueMac":{"type":"Buffer","data":"FT1S7K0289OS4wUqfA98OB1UmKeIvPU7fnhqBraCmTQ="}},"ScrePDkorP6ngwKRZBR3XGaJwZpt2YVRqTTeNg4cAqc=":{"valueMac":{"type":"Buffer","data":"m79xyrR8aBNMRwB99gYHBZgw+5vIuankmA/Lym+IXgA="}},"iQ9ZuKjnQE1H6E9z6MNg2OpPBQGMXPd8KFJMWMdLmuw=":{"valueMac":{"type":"Buffer","data":"cNZdHqJBLAdjTQIXmuOFQ/rTBDAnuc14+XLW7GZYA+k="}},"E64jLwIeBjAGpgvMmZMj1hDzJRf8eVlwzFBxayro0Rw=":{"valueMac":{"type":"Buffer","data":"xuBfUMfPpxRx3SIrcZc2ljfTtHXbx/R92CBVVUemrt8="}},"P2qtpbLQNAe7OD7n8v5VBNzVyrpNHabOgT8s5m3dN3M=":{"valueMac":{"type":"Buffer","data":"tkhQtJRfvr1sAELBjeffjBbG3LU/hl342/G2FsWS+v8="}},"QHQiLPPIMec9zrEtGkdXAAvcomRPdI3+KV3wF/QLxWM=":{"valueMac":{"type":"Buffer","data":"t/gvrzaLM+fwu2EOFCEpDZQjnniAe35uHt8MXgJd6Wc="}}}}