[{"senderKeyId":1299494807,"senderChainKey":{"iteration":1,"seed":"U6rPXiPHCFNCBWl17HONmITECmERiNOI/+8hyQ1wnjk="},"senderSigningKey":{"public":"BcH0nOfaiqVkFwE69XlkGRi+rWTH/7e99K6Sw3IPBQM+"},"senderMessageKeys":[]},{"senderKeyId":1058987344,"senderChainKey":{"iteration":44,"seed":"siHay9o9LGN4HzN9jDJ4EDL6H5k7vxvJoDCcLbtHDsg="},"senderSigningKey":{"public":"BWEQHRXvkFX7LD14dbxxoBZrqqjp73xyzLTm4L3aO7ob"},"senderMessageKeys":[]},{"senderKeyId":2118511015,"senderChainKey":{"iteration":29,"seed":"M7kaM7Twt5lfzfYFccibNN3W2W6Ww3hi53u1W1gEMhs="},"senderSigningKey":{"public":"Bfs5xrZ91ktZMieQoNZXXt6K1/ASJhcM9Jlvs8AZBSls"},"senderMessageKeys":[]},{"senderKeyId":1731893749,"senderChainKey":{"iteration":7,"seed":"HjWWK3uO/6z0xnBGitLJJYhoUcxERBNrPhD4s5Bsjas="},"senderSigningKey":{"public":"BT5NSa+hUMICFVhTDCcL389C9lcJk/4ySQmnkeMDf1h4"},"senderMessageKeys":[]},{"senderKeyId":958220719,"senderChainKey":{"iteration":15,"seed":"prvP9v1TpBTKkWuXUfIHr1oJmSO0OsRrj52Z9Wa7IfM="},"senderSigningKey":{"public":"BR30vNZzlxyb/3I8PkdQiU2rjL4JFgQkd25hqKSBohZ8"},"senderMessageKeys":[]}]