[{"senderKeyId":1190481008,"senderChainKey":{"iteration":0,"seed":"obiRoeyp7IY/wd6S2UdQqsKxtgMWhXsAX0nyeHxU/xs="},"senderSigningKey":{"public":"Bf46SEqhwkFOSMBjljcrmDGlw2Wve/WW5WZ9BrSGcjJH"},"senderMessageKeys":[]},{"senderKeyId":1272590779,"senderChainKey":{"iteration":0,"seed":"JdMljfCS9/kdBzQ9VGVqR7vJe00pO9giBh7AphURXq4="},"senderSigningKey":{"public":"BcI1zPnEYgX+vShfEAUzY5X0fyV1evcwIBhDNeI0T+wY"},"senderMessageKeys":[]},{"senderKeyId":2088607352,"senderChainKey":{"iteration":0,"seed":"/8Iv2XHiUX+xYehYlwFUa2ggMlfPDB//szyilGZ0Yp4="},"senderSigningKey":{"public":"BcQ5KOh6gPkwzcHMSD0sA36nFr8LvUNx/M5/JIDslJB0"},"senderMessageKeys":[]},{"senderKeyId":249223284,"senderChainKey":{"iteration":0,"seed":"x+jYDxNsDS5xnL84c5wpRccriaE6QZQ+rhLfrDNmZyk="},"senderSigningKey":{"public":"Be5XSFqOOEq5G24XZl+SscTIBJujj3xhQbeiPXBeXvAo"},"senderMessageKeys":[]},{"senderKeyId":861041280,"senderChainKey":{"iteration":0,"seed":"4whiBUAsEueWrW/5WDy3Z+JnV8EAGEtVstJRUvv7TcA="},"senderSigningKey":{"public":"BRhhlUNXiTTF84QO0TypdI8m+Fo/1mdilpVHIC1eFKUC"}}]