[{"senderKeyId":1246338779,"senderChainKey":{"iteration":1,"seed":"S809hFMnyBbix9MNDcNH1rcb/lBTbjVcHh8Wm3tV60Y="},"senderSigningKey":{"public":"BUkp2aQ62dS2fV+UE7ONI8Wc8ZPWQCXgCEyux+LJ5N8J"},"senderMessageKeys":[]},{"senderKeyId":1883570039,"senderChainKey":{"iteration":0,"seed":"N0CjZrbkZqfHANzaQu1lU+niNusfecYvs67vDQbTzpk="},"senderSigningKey":{"public":"BarTs/ec7y3/ac21qylLeb6m6LNw+8XvDZ61daxqJns7"},"senderMessageKeys":[]},{"senderKeyId":1418859282,"senderChainKey":{"iteration":0,"seed":"bH2xt7IFP8/axJ2+NZNCT7s9pA4ieaiaehR/ixarqmE="},"senderSigningKey":{"public":"BagUMt/WY7ZsUlruwKo583KC+y64B404chlI/6bujDd4"},"senderMessageKeys":[]},{"senderKeyId":1912701872,"senderChainKey":{"iteration":0,"seed":"1sLvWbxjFflERiAVEFsYD3nFivysVzgomt+1KKaRQ8w="},"senderSigningKey":{"public":"BeHX+XN0CFmgxPHvUDW9k77OA+NRhN9NgHkVpnrKSJUU"},"senderMessageKeys":[]},{"senderKeyId":1218026706,"senderChainKey":{"iteration":0,"seed":"2vNpmSs0FsI54cD20bBq+Ug1l71EgA2GP7hHKksuFYw="},"senderSigningKey":{"public":"BafJyM6/h2+zA07K/I2ErIBzh26vAVM7ribr4ArKZEEc"}}]