[{"senderKeyId":1816693921,"senderChainKey":{"iteration":15,"seed":"vJRr+1aXzqfUuSo+o5aX1KzrEhllpqXElM17CNkM2Jo="},"senderSigningKey":{"public":"BWPibD060fbwjdthofK2fTyyPaPdoN/sMzU3WNzWDT4W"},"senderMessageKeys":[]},{"senderKeyId":298757996,"senderChainKey":{"iteration":2,"seed":"BLJS9Vbz7hOLiCwg1+09WgttC4f5SuCCvrUkz6cJvtk="},"senderSigningKey":{"public":"BSZ3vNX8cVA2E7vNu/uR6lwZXUbjBg7t5k3SoM0+6f1k"},"senderMessageKeys":[]},{"senderKeyId":1954806097,"senderChainKey":{"iteration":1,"seed":"SCYNOLk12KqJQWCWPnv7dsxhvoB2hWHjKK9hp14jrag="},"senderSigningKey":{"public":"BUzqxBfMGW4Fqi/Z4CbleR4WwjMFA6IUsndEntD/Q0li"},"senderMessageKeys":[]},{"senderKeyId":161560142,"senderChainKey":{"iteration":3,"seed":"A2a0Rck7GHv0hKnqWqa3S6IpVBAUNN65J7zzLl2WSKs="},"senderSigningKey":{"public":"BWEopzK8sf/dVgEIl+RZdnzxIBXgu3Rx3WkxAxJA+6k/"},"senderMessageKeys":[]},{"senderKeyId":1440243265,"senderChainKey":{"iteration":5,"seed":"IgUA9emx5FB9iTlKwG8WXLI3KKwrtLxUErZEzF2ja+o="},"senderSigningKey":{"public":"Be+KBtSefPEimDchOv9Z9v9egjpf35FruhLmZxL+znxK"},"senderMessageKeys":[]}]