[{"senderKeyId":900148970,"senderChainKey":{"iteration":0,"seed":"nSmbEywuX2Rju3l3cZYG00nmoAoQMTAhtIG+dEBL0lk="},"senderSigningKey":{"public":"BX7gBJrmwYb6hMNp+W5kBS45rZsZgaOdf/2KrDMudxk8"},"senderMessageKeys":[]},{"senderKeyId":1732501995,"senderChainKey":{"iteration":0,"seed":"N8rdNIXNg8HLWhZ1SSYh3rFWeX4G/FQ8qGMsmMFVll0="},"senderSigningKey":{"public":"BZS0KB2mFAYuJJEmbKp4FdDUiv46mRQ3w0ki7DAfp3hF"},"senderMessageKeys":[]},{"senderKeyId":939567870,"senderChainKey":{"iteration":0,"seed":"/+yySEF3hCdIVGz6ug+8Sk2/PyZAd5l5htsKJ0OV/lA="},"senderSigningKey":{"public":"BQIPJpx4is2kWQygTXkCEryjX3Kkx9I1IOcA+5W8DI0i"}}]