[{"senderKeyId":1874680113,"senderChainKey":{"iteration":104,"seed":"k04penUKpuew2BF35i8BHoigH+znHDm6Seq+X1wVjpU="},"senderSigningKey":{"public":"BY7aSo3Qi7KLrmCX2e27ZqyLZHOVMuZWeDHEIuAtnCM+"},"senderMessageKeys":[{},{},{},{},{},{},{},{},{},{},{},{},{},{},{},{},{},{},{},{},{},{},{},{},{},{},{},{},{},{},{},{},{},{},{},{},{},{},{}]},{"senderKeyId":1874680113,"senderChainKey":{"iteration":42,"seed":"VMfhnvJxF1mX9n/7oGAQeG/T0juwf8m2CWnLo4KgImU="},"senderSigningKey":{"public":"BY7aSo3Qi7KLrmCX2e27ZqyLZHOVMuZWeDHEIuAtnCM+"},"senderMessageKeys":[]}]