[{"senderKeyId":1232126392,"senderChainKey":{"iteration":0,"seed":"WtL6grsZ4yinbZgGIplyTlXWG3Jm+JTGOLQ3peoD+Kw="},"senderSigningKey":{"public":"BVEfM69DBlwgV3BwiPkfv8iSbUdSJ6Vu1YinCZlpeDN7"},"senderMessageKeys":[]},{"senderKeyId":252687116,"senderChainKey":{"iteration":0,"seed":"VYesejQo4/GqCV1BcVNXUxlTbEAYpxfADHL4cuq9M1E="},"senderSigningKey":{"public":"BUhRsqgU3hs8mNggGqu8xRHa0B/Pi0cE4/ayjYqlfNp/"},"senderMessageKeys":[]},{"senderKeyId":1079730919,"senderChainKey":{"iteration":0,"seed":"z1c1xZyPyClKss2cLRybHCO5ZBXBtg3gSVZ427PUrRI="},"senderSigningKey":{"public":"BatXIbG62RVVjwAk/xuNo8d0+gfSdshgsuYP5T0GAU1+"},"senderMessageKeys":[]},{"senderKeyId":63253655,"senderChainKey":{"iteration":0,"seed":"b4apm1buy3n6V8mFLWXzvhnysuXubax+BNNrYnL0V70="},"senderSigningKey":{"public":"BRoX19tbjNTXayfchTNQuV7wG1JREC8z0ttzaTX0NQVS"},"senderMessageKeys":[]},{"senderKeyId":1101917558,"senderChainKey":{"iteration":0,"seed":"Ol7h+R4k+ypGtCQXzUwGq+zM81K2yNjTPD9fvBg/vnA="},"senderSigningKey":{"public":"BeVCZihvDs7GyFk3S/aR96cXynMKZOMP6dO7YDlLtQUa"}}]