[{"senderKeyId":99638578,"senderChainKey":{"iteration":0,"seed":"fmSY3Op/VoTugaxmvTvayHi6O4R1ar0jCD+bKSqZrJQ="},"senderSigningKey":{"public":"BWO+v1LDNq0eTElZTFnj4ZXOgadKol8EWRd+H2SOEw42"},"senderMessageKeys":[]},{"senderKeyId":312768273,"senderChainKey":{"iteration":0,"seed":"OiKqIkXgJYw5cJrveK7JgcR8onmiI6p5XSXWhJtzGIA="},"senderSigningKey":{"public":"BUlosPluSmIWqaXmzQlcxwRznJi2Qa2LnKad4nKCr3MZ"},"senderMessageKeys":[]},{"senderKeyId":198516615,"senderChainKey":{"iteration":0,"seed":"qjDSOUcoIyofIOtwlkwy++h/Qx+8T4Xybf2zxJ9lwxY="},"senderSigningKey":{"public":"BRsW9dT4xe9R5Fa3CjQ/Qk4cDL8jr+VAPu512mxpO2B2"},"senderMessageKeys":[]},{"senderKeyId":105306011,"senderChainKey":{"iteration":0,"seed":"IR0tB0cnBU553UxpEJpdn9GIC7gTrDM27xIywCmmnjk="},"senderSigningKey":{"public":"BV3UGN9477TBLLCiKpjBFwmTwDOH9t5YhVeJbMQc639t"},"senderMessageKeys":[]},{"senderKeyId":248168445,"senderChainKey":{"iteration":0,"seed":"qYu7FYDzRqQMmKhgx4redNUMwkstnX8XI60c0Tpn2lI="},"senderSigningKey":{"public":"BSmhlpIQAxe6pz0RKczKfrgC5iL7CP0kUCi9+D2SuXs+"}}]