[{"senderKeyId":690546998,"senderChainKey":{"iteration":0,"seed":"7E7svejnuYzi29/scFB2hUC4dfrjb6gNkfEavS+Wu7E="},"senderSigningKey":{"public":"BWQiBc+VgBpMa2IzlCg+w8efcQL3bi4lsGsQxV0gGHoP"},"senderMessageKeys":[]},{"senderKeyId":224703435,"senderChainKey":{"iteration":0,"seed":"tj64fJsnk4rgagGV+mxeyenReUAb/Vn6i8jGWZCzj2E="},"senderSigningKey":{"public":"BXRctq6WxOpy3WVFy2RgsJ4QgtXTvfUlr+QQsH3AhJRl"},"senderMessageKeys":[]},{"senderKeyId":2123383247,"senderChainKey":{"iteration":0,"seed":"k3qbYVopTj25NDq+828JZc9q0caorCScE4Ti95K1zEo="},"senderSigningKey":{"public":"BWi+AAKCtFxvRXaMUUWze6xoW5uQLZfJsS0832oTxoJk"},"senderMessageKeys":[]},{"senderKeyId":433152589,"senderChainKey":{"iteration":0,"seed":"UGUG4bYvHMG5+swbGjyqH8MQLe9+mgD/DvMwhVjQJNk="},"senderSigningKey":{"public":"BetKnVcyyy8zECqFvhPKu2p45yFu0k2pVmmvRwf4CMIf"},"senderMessageKeys":[]},{"senderKeyId":1663815400,"senderChainKey":{"iteration":0,"seed":"sq5BK6dG7f81JZ1W8k3EEzZNmMfIOYiRyt+3ZcDNhMM="},"senderSigningKey":{"public":"BZ6FjZaXwXuugoSQQZUxIg6dhR1DTKSFAqz3vT0qusBk"}}]