[{"senderKeyId":1047251459,"senderChainKey":{"iteration":1,"seed":"dbw4kFsNKJ1XjEgxhotlG/lr9RLwJrMzx7ftXpS+Ir4="},"senderSigningKey":{"public":"Bb4ox91p2F7JMmrejM7TWUUbTCk8N7UZNXrzmix/53pp"},"senderMessageKeys":[]},{"senderKeyId":359444568,"senderChainKey":{"iteration":0,"seed":"8TFeouTrFQd2o87i52ufAtxHGVk1dRvWbrBQWYNV6Ww="},"senderSigningKey":{"public":"BesHVyVyuIOyPetko0rF2K8oWEKSqex1ZKoNRdaFnZRm"},"senderMessageKeys":[]},{"senderKeyId":99179883,"senderChainKey":{"iteration":0,"seed":"Y65fFwmemAKLxlYxndYLBW3oQF0qVvn0pMoeqAISw/Q="},"senderSigningKey":{"public":"BdFu6RYs2ghdnXKbo1NARatMBUfe610cQ5HkabY2kIAi"},"senderMessageKeys":[]},{"senderKeyId":939138496,"senderChainKey":{"iteration":0,"seed":"z35Cdj2MoTx3bH2+94ylRKgsn5ZV4qFZOVo0DDdFGt8="},"senderSigningKey":{"public":"BUhe0rvZBhqpHaS9Xc5odtwW2VnNsZze49BKQE+QO4sB"},"senderMessageKeys":[]},{"senderKeyId":823274604,"senderChainKey":{"iteration":0,"seed":"hX6YUanOoVI5nKCNiovKDhtL238hQIi8w7Fhgn1+tak="},"senderSigningKey":{"public":"BZTQFRaqzZczOUU6NcCr2oHZoM/zyeiX8LJzvz2nllwO"}}]