[{"senderKeyId":1740271247,"senderChainKey":{"iteration":2,"seed":"KbS0xb4Vgj4luDGDo2kbTsWoi2gR87VbqZXdpYPp5XE="},"senderSigningKey":{"public":"BaYK3dsRYyaXJA2nxBN6UnN8bafpiQwftRFo8SCY83gA"},"senderMessageKeys":[]},{"senderKeyId":916108189,"senderChainKey":{"iteration":3,"seed":"NJnb7Ztkld0eCpjxR1wxldF6sHeDMQY+BUatc6FvM54="},"senderSigningKey":{"public":"BaPAEsD8JKWfVtSYAvijkGmKmSduT7kO65za5YgSBfhR"},"senderMessageKeys":[]},{"senderKeyId":1366877185,"senderChainKey":{"iteration":9,"seed":"fua71vVYLInS0djl0DmY4frvBpVsBlkKXemMCE6FGhw="},"senderSigningKey":{"public":"BV5wBavT3K6poBNxxqIlyDAzq1x+Rd+8hr/nedT/ywUI"},"senderMessageKeys":[]},{"senderKeyId":955881540,"senderChainKey":{"iteration":0,"seed":"7nslOErgfqIEKq7l0flR/bAVXCJ1WcO6Bdom8ppcKXs="},"senderSigningKey":{"public":"BRZpkD9BPVw+MiTlxmSYGStiSNwUyk6gtMssxaj3aPt9"},"senderMessageKeys":[]},{"senderKeyId":1502328782,"senderChainKey":{"iteration":0,"seed":"TLu3iWsL/weRQap9GxInzbKOtyUw7mvZmjFuFX2W5ag="},"senderSigningKey":{"public":"BQAqakDnxnlvMlia0gPzOpuVqE1/pFzMpqXGamOAj3MI"}}]