[{"senderKeyId":1063253011,"senderChainKey":{"iteration":3,"seed":"MzQyX7fy36ftFlNAJwU7juBo60tfoQ/Wa/cLOT2jzO0="},"senderSigningKey":{"public":"BQlIMoklMw/DyCdm09JBitYAlI5JW8qu4eqehAN68SUO"},"senderMessageKeys":[]},{"senderKeyId":94016220,"senderChainKey":{"iteration":3,"seed":"40XWDSToD0a/GvVmTUHiyrPooBz55ZR5M3UaqHnoxmA="},"senderSigningKey":{"public":"BTw4yGO8kpZyuyb2JHnFZFNWMitUBWoId7oIuMepXZQ7"},"senderMessageKeys":[]},{"senderKeyId":1383573530,"senderChainKey":{"iteration":1,"seed":"CYJ09PzOabPpX6pEPsjsQIE7b937hhAq0W9I3Tv8S/s="},"senderSigningKey":{"public":"Bb+LDqKBbOv9EunQ59fyhCUlcT6B+Fbw+U0K5gudZyEO"},"senderMessageKeys":[]}]