[{"senderKeyId":1743392600,"senderChainKey":{"iteration":0,"seed":"Ke0qgJnb3YPy05ouQr3RfZzDm9SnXrOmjq1lvg58UOs="},"senderSigningKey":{"public":"BTe9o1gjntjvbIcjdOjy9EsuEd/IMmUTGF3oIUiGTy5c"},"senderMessageKeys":[]},{"senderKeyId":355591847,"senderChainKey":{"iteration":0,"seed":"MRN+99Qhrk+whom3LvhOT5kCQnCWZYrOVHSmZMOVVc0="},"senderSigningKey":{"public":"BTgzNXLTj2fFCiIBPainHqxLa9e8U0NnmN6+aTmXU8Rz"},"senderMessageKeys":[]},{"senderKeyId":1996176256,"senderChainKey":{"iteration":0,"seed":"EtHXwnu4jFWvbAEQg7bjAmFAUoWlgiEnyYfEOSHK/2A="},"senderSigningKey":{"public":"BXnKquwJqWkZGVCc03lInUjtdrNJ1hXgcQQBS/eUfixQ"},"senderMessageKeys":[]},{"senderKeyId":512038078,"senderChainKey":{"iteration":0,"seed":"0MhwQGGRUrOF3R7vdWVabbmzIZqdIKWc3AWEkCudz7w="},"senderSigningKey":{"public":"BYZYk8qDCzsJgO21deEA7P8gL8vY/0nClpllPxXUQNEl"}}]