[{"senderKeyId":1305798151,"senderChainKey":{"iteration":34,"seed":"373fPITpOVla3dDZTFRTkZKz3SyiKTMg+UCMDYnFfrI="},"senderSigningKey":{"public":"BbD38IXlaowmqjYhWH2OXVKzcqtf469tXDyZQoVcwR0F"},"senderMessageKeys":[]},{"senderKeyId":1242881633,"senderChainKey":{"iteration":40,"seed":"W8OxJbDvFsbywlFNYYfYvsN6WvkHe9hmoulgPrBqE+c="},"senderSigningKey":{"public":"BY9H1IH2V3SIko/epBdHsc8szUOUy8FXmPZDoDo128p+"},"senderMessageKeys":[{},{}]},{"senderKeyId":1242881633,"senderChainKey":{"iteration":4,"seed":"PwzyehuF0dYP8Hq7y/ldeEZjH3hPeTKoylBlTtNvQOw="},"senderSigningKey":{"public":"BY9H1IH2V3SIko/epBdHsc8szUOUy8FXmPZDoDo128p+"},"senderMessageKeys":[]},{"senderKeyId":1242881633,"senderChainKey":{"iteration":12,"seed":"WruyvQZJOLRj0Ik5ip8/9pqeAeXExcxE2DY5xdik7io="},"senderSigningKey":{"public":"BY9H1IH2V3SIko/epBdHsc8szUOUy8FXmPZDoDo128p+"},"senderMessageKeys":[]},{"senderKeyId":1242881633,"senderChainKey":{"iteration":39,"seed":"Cx55T+iap0XzBVYdL827qqBAlE7aQQ+/KB8hpyY7sP0="},"senderSigningKey":{"public":"BY9H1IH2V3SIko/epBdHsc8szUOUy8FXmPZDoDo128p+"},"senderMessageKeys":[]}]