[{"senderKeyId":469831226,"senderChainKey":{"iteration":43,"seed":"7mi8f7YvsGPOdYcRXCDTD05Qfs03Il8ANnNIW2P3Wu0="},"senderSigningKey":{"public":"BVG/YizwZRvuIrEp80axpddZXgTaL6kdMBpNjyGC+AoR"},"senderMessageKeys":[]},{"senderKeyId":1529432764,"senderChainKey":{"iteration":1,"seed":"ApXnBxOkwT2RTiynvvRP+TxXluetbefv0/C8X7Iozjs="},"senderSigningKey":{"public":"BctOX+PaeGviPGxECBy8YoChgetVkz/6DCwmC6HeyCFL"},"senderMessageKeys":[]},{"senderKeyId":1397195373,"senderChainKey":{"iteration":2,"seed":"bypkn5hPdxVjMW5DWoqze0oEEoSzGc+8M4V2qpqA/rY="},"senderSigningKey":{"public":"BRiRIfRrDXcgc0FvL0bK2gGY9/KJTwLrSJB6LP7OXT0+"},"senderMessageKeys":[]}]