[{"senderKeyId":2062277897,"senderChainKey":{"iteration":5,"seed":"bJkvMkaIFPPoXEscM7ipMmHUffz17VoXw3WQcC9LSpQ="},"senderSigningKey":{"public":"Be3RX+eVQ3FSuOkFOc7Hkk4Pb/Ve9ucrdZ2+wx4Wh/gW"},"senderMessageKeys":[]},{"senderKeyId":107623860,"senderChainKey":{"iteration":37,"seed":"TF40Rgr6TDBee1rsT+p1FR5VKDXSj+bYosgewwz3wM8="},"senderSigningKey":{"public":"BVdLMhzw211Kbt3HiAYCu3JF0BAFeSJkwPLe/QQ3iCQJ"},"senderMessageKeys":[{},{},{}]},{"senderKeyId":1531563047,"senderChainKey":{"iteration":37,"seed":"zFJAYqmvjed45r/SJK1Rrj4j7CL5/U6csk79Ar9VRyY="},"senderSigningKey":{"public":"BfxBToR7aN+H1OLKadlYIBOt2Vo1yCAWDxQKeeyFMaU1"},"senderMessageKeys":[{},{},{},{}]},{"senderKeyId":1238958232,"senderChainKey":{"iteration":53,"seed":"3Xc2VM8rUidhmxq5HEPiBJEhAfe238XD6fQMFrvhkzA="},"senderSigningKey":{"public":"BSGT2TkzqEw8eCXkpf94EAX7seXoMPydczqVZV5lU0Eo"},"senderMessageKeys":[{}]},{"senderKeyId":893822464,"senderChainKey":{"iteration":0,"seed":"AcHqIWhFuivU5JHS8UqP4IhC4vLC7VAJCzRu96HvsqE="},"senderSigningKey":{"public":"BbQG+Fne+OjQxCgoXWXJP5z25A42SZ5RzjBy1xHeSF0/"}}]