[{"senderKeyId":1116033449,"senderChainKey":{"iteration":0,"seed":"LZn9Dm+BKZKYXvIRI6Yle7WEvWmuyNWkCxqY9yxtUTA="},"senderSigningKey":{"public":"BTA5ldKQTHq+duxDRa869dV2eqhj3USCJ5F7HaYnD41v"},"senderMessageKeys":[]},{"senderKeyId":716781936,"senderChainKey":{"iteration":0,"seed":"bN2JNd2TpG5o5vTBT9Bh1YUlO6HPBgoTCWYul/LInSY="},"senderSigningKey":{"public":"BXXUF35eY7AHkaGIsdA5HRXWOniGRAT85BomzrpZsB8R"},"senderMessageKeys":[]},{"senderKeyId":454679110,"senderChainKey":{"iteration":0,"seed":"bKlf13yEveEVhvrVFZWS0mU8tlTsSj6YUt++qbMwiqo="},"senderSigningKey":{"public":"BdIeFz2aJSx86VTAebm9diM+ynNfFx6gN1+PqucGxysl"},"senderMessageKeys":[]},{"senderKeyId":1937855886,"senderChainKey":{"iteration":0,"seed":"LbyxVmVlJ5qa4AIsQObTWSOpeDHMGWjdylxeycmfyu0="},"senderSigningKey":{"public":"BfkAHKnKV+JygYnThNBEst4WYJXNT8izwbftcxsQdokH"},"senderMessageKeys":[]},{"senderKeyId":376804254,"senderChainKey":{"iteration":0,"seed":"qSQuFtU9oSUCums66+AJ22/JuS9wzb1R3MyDF8d4x8g="},"senderSigningKey":{"public":"BT6LoYGAsHkmjvgSUA8EfIP/qQmLne/TtfSec/M9kHdY"}}]