[{"senderKeyId":386455838,"senderChainKey":{"iteration":0,"seed":"6G9eBxRZm7divbnMXS8IZ4EPMSNVVbo3DHzF470kzQI="},"senderSigningKey":{"public":"BXv/olXXyjuvEibwb30D/62VBMLVBgUFRvxlsWJIABA2"},"senderMessageKeys":[]},{"senderKeyId":2098715843,"senderChainKey":{"iteration":0,"seed":"nimoaLKgz/4bB8uTven2DdraYCDZone6yd7Sjq0R/PA="},"senderSigningKey":{"public":"BaJPn17ayk69i7UX8gUasCTxCZibFYsMZeiS4RLPt0hm"},"senderMessageKeys":[]},{"senderKeyId":1345019635,"senderChainKey":{"iteration":0,"seed":"JoQZY9Of9MQKBDh3JYZNSJE8BBkXitnZVU4WTSQEHhc="},"senderSigningKey":{"public":"BcAl2WFXeApOjgjAkUXCmnRnp1mnFg+esyWm+Y7Ygdt0"},"senderMessageKeys":[]},{"senderKeyId":320874162,"senderChainKey":{"iteration":7,"seed":"JMenvtzzP/ePQdNpkVNVUjFoeYYzVJKTRc0YKvglGIk="},"senderSigningKey":{"public":"BbXCOdlwhySqG52p0UdG0Rhp6FBcdfyLvAvxMo9ftelp"},"senderMessageKeys":[]},{"senderKeyId":1555710511,"senderChainKey":{"iteration":0,"seed":"5hLQFDbAfVROE8A5HF0ZkRGIW9ncM5VgYZANsV1Yv4g="},"senderSigningKey":{"public":"Beh6DADflkWwAZDIldvj6uasQUbFt3TFWeNZ7jDPL4ob"}}]