[{"senderKeyId":1764693256,"senderChainKey":{"iteration":11,"seed":"1IUxOml2lR6hRt6pV3P2lecJORx6gg3podR3URkYG8s="},"senderSigningKey":{"public":"BUjL1rCC77icBkSt8erN+V0pYJA9etw3/W7dlyfYrQBb"},"senderMessageKeys":[]},{"senderKeyId":1764693256,"senderChainKey":{"iteration":9,"seed":"3cvEsm2yQuNJKqulG63FZYHQgTkI5Wsuqm+1AuvEFoE="},"senderSigningKey":{"public":"BUjL1rCC77icBkSt8erN+V0pYJA9etw3/W7dlyfYrQBb"},"senderMessageKeys":[]},{"senderKeyId":207252680,"senderChainKey":{"iteration":1,"seed":"75O7rSpHdmqnTHY+GkCjBRcfhPVQFt5owcG9JzkRDUc="},"senderSigningKey":{"public":"BQJthVy3Pe3RjZz/dGdZY2B38/AVnIi1yQ+NaHDY2oBd"},"senderMessageKeys":[]}]