[{"senderKeyId":1259227929,"senderChainKey":{"iteration":10,"seed":"vDFIcOOUHFHlw1G7RfR9IOUEldtti0n69iwQnN/T+nA="},"senderSigningKey":{"public":"BZIGowUh2cJ3Ko69Enu/RzdMq0ZL8RdbBxQLgwRefMoK"},"senderMessageKeys":[]},{"senderKeyId":707058709,"senderChainKey":{"iteration":1,"seed":"ekdye9BYG1gpZ6VnYwX+yx88qoobxSGIm/qyE9P5yp8="},"senderSigningKey":{"public":"BUrynlvsnjxKfKVlvq5CGe6G6D/TU0S0fwc3sRIlmUpj"},"senderMessageKeys":[]},{"senderKeyId":531317741,"senderChainKey":{"iteration":6,"seed":"YbGuH/4s5Qg9Ztty0ePR+Y8q2Zw1jcHi8QS/18SDvTk="},"senderSigningKey":{"public":"BUiSyAqRFFpEyQbO3qZMIC/yLzelEwyohFZ4OR4m6Zcq"},"senderMessageKeys":[]}]