[{"senderKeyId":912590720,"senderChainKey":{"iteration":0,"seed":"aW3wfQGsXcvgXyP8+zIssmbg+BcdOtbipvKiSOODF7Y="},"senderSigningKey":{"public":"BaM5XQfXp1DykfK6tSkb/TBw84DPDbb3yz3wyNPg22Bs"},"senderMessageKeys":[]},{"senderKeyId":1295186251,"senderChainKey":{"iteration":0,"seed":"kytpSqcdXbb5h6OQeUNZj0eXkjb6vpQbuNk/8DoWqFk="},"senderSigningKey":{"public":"BcqYhTxLIHqPPuKKOQyupncYwyb4TFs5Sa9V4L9lTQEE"},"senderMessageKeys":[]},{"senderKeyId":1313751319,"senderChainKey":{"iteration":0,"seed":"xoZQ7FduSpPgcrV90SFTYsWFnj2Us2SMZZsn54QNPoQ="},"senderSigningKey":{"public":"Be2UCjwfEOAJRbc6UDQTDNSw97dnXl21DEXWMEM8ufI1"},"senderMessageKeys":[]},{"senderKeyId":303125772,"senderChainKey":{"iteration":0,"seed":"OY6aKTLcVH0lgWUkMgEZYl91EhOFXVv8/ik5PDYy6W4="},"senderSigningKey":{"public":"BY1RJAfMGBFYEcX5OYoHQAInjoBt9CX137S4x6K4LuAF"},"senderMessageKeys":[]},{"senderKeyId":1373691355,"senderChainKey":{"iteration":0,"seed":"3k/Iv05MLGOuwvTL5ZbN/FrV2xSQx6tyd+dfQd8YiVA="},"senderSigningKey":{"public":"BXga8yk4RkA6YI4EibOY5HiLq9VunDFaoanZleIKeux7"}}]