[{"senderKeyId":966078501,"senderChainKey":{"iteration":1,"seed":"OpcICSRVyT55z1u/IwWnH9lk4TxaVTS6wfZv1WNYLlM="},"senderSigningKey":{"public":"BZCv1XjB1xO7P3ywpy7mOrAtIn4BeLEDDcRoez3e0bkP"},"senderMessageKeys":[]},{"senderKeyId":196738094,"senderChainKey":{"iteration":6,"seed":"GA+3fxLgoiHwWevqC3kOPuONMKkPVnEmy00bFXUrjH8="},"senderSigningKey":{"public":"BewsJoZsrOs0hVV81IIrSrsEAfvJJnVgliGrbdhrbT0x"},"senderMessageKeys":[]},{"senderKeyId":1872513289,"senderChainKey":{"iteration":2,"seed":"zbdU4aS2Nu7fNcLB4dHfS4ZT4+TQXZ1QYKJQgmZkvyU="},"senderSigningKey":{"public":"BVErC3Pgc8+QKSDRuu+QCqpAHyYtAj+wPTUNC4FNJihE"},"senderMessageKeys":[]},{"senderKeyId":260385497,"senderChainKey":{"iteration":1,"seed":"6qd36eGj8SuGzM1f7Igo6Kh+BrfDUe5DAWJkgwvgsrs="},"senderSigningKey":{"public":"Bf4/BcZ5XYP2VhzkAuoJpTplK3ZVKXoeec9KktV1xYda"},"senderMessageKeys":[]},{"senderKeyId":692329622,"senderChainKey":{"iteration":5,"seed":"mm0nRtpzer6Kj3Vs3pihpPob790PJEBeuFMQqQ3T7zc="},"senderSigningKey":{"public":"BclirEd+/8tj99U/y1rcXNarRi9M2WUF9iMw4TTAos0H"},"senderMessageKeys":[]}]