[{"senderKeyId":1017680344,"senderChainKey":{"iteration":445,"seed":"rj4ELjxb86wA44L0684BsyGly6J27j2S6iADy4IGixE="},"senderSigningKey":{"public":"BQRLYsPO/i5fVLnqPe2w3P9irKktodxdVwbq2UBjWmkl","private":"gO0m2Fb1saCWH8RNI9DYZWSchn52m4ilM/xQlq1w6kI="},"senderMessageKeys":[{"iteration":1,"seed":"LBbSvnlLlEnnqtH0Yvh3pShcUGbOW/sS03JirktvVf0="},{"iteration":3,"seed":"HHc5T353Z8Tj78PmSxV5tp/C4STgOaLIZpksW3/eqzc="},{},{},{},{},{},{},{},{},{},{},{},{},{},{},{},{},{},{},{},{},{},{},{},{},{},{},{},{},{},{},{},{},{},{},{},{},{},{},{},{},{},{},{},{},{},{},{},{},{},{},{},{},{},{},{},{},{},{},{},{},{},{},{},{},{},{},{},{},{},{},{},{},{},{},{},{},{},{},{},{},{},{},{},{},{},{},{},{},{},{},{},{},{},{},{},{},{},{},{},{},{},{},{},{},{},{},{},{},{},{},{},{},{},{},{},{},{},{},{},{},{},{},{},{},{},{},{},{},{},{},{},{},{},{},{},{},{},{},{},{},{},{},{},{},{},{},{},{},{},{},{},{},{},{},{},{},{},{},{},{},{},{},{},{},{},{},{},{},{},{},{},{},{},{},{},{},{},{},{},{},{},{},{},{},{},{},{},{},{},{},{},{},{},{},{},{},{},{},{},{},{},{},{},{},{},{},{},{},{},{},{},{},{},{},{},{},{},{},{},{}]}]