[{"senderKeyId":577942644,"senderChainKey":{"iteration":0,"seed":"HfVQn/WzpfEX0Udw40BUmNcUw6yNfOUu23Y+oPV61Dk="},"senderSigningKey":{"public":"BY6qqRJXHRi/WTTBYqk4ZFMXaoC6tb4/F2YdWe+Jx1kY"},"senderMessageKeys":[]},{"senderKeyId":1057548644,"senderChainKey":{"iteration":0,"seed":"pGDBS3E7sRF26ZKUEtvZTB6PUYUHdnpEXgViq3k/1M0="},"senderSigningKey":{"public":"Baw0ZNgB+R2g3LuJs60KSmmmuxd6AQ1baKlGaN/qJG42"},"senderMessageKeys":[]},{"senderKeyId":1662742456,"senderChainKey":{"iteration":0,"seed":"le7ir8cOsCqLqSLn3gII9aYa7hjlP+Y0G8eYjSJ7i10="},"senderSigningKey":{"public":"BXCBpBdrbQt7BNc4B5GPdvF3CdDit8C1m85b7OJQgYBw"},"senderMessageKeys":[]},{"senderKeyId":487541454,"senderChainKey":{"iteration":0,"seed":"UV/v5XFt64It9E/47Nwcrs2Ba0G+YzePkHGkoXncXEI="},"senderSigningKey":{"public":"BSm0C9SXKL3zrp0qGHEVsmPG9qFWsJKro9CTFK9RhCE3"},"senderMessageKeys":[]},{"senderKeyId":313036952,"senderChainKey":{"iteration":0,"seed":"RzbluOxq1N2+VlE/rxxRD+71dKj3MzLUqQdad/xQg/E="},"senderSigningKey":{"public":"BRGEzX5usMOXDL1qlnAE5ulLHAf0318wYBOQ0ZorGsJ9"}}]