[{"senderKeyId":41501950,"senderChainKey":{"iteration":20,"seed":"QKBU88SE9GRKcOkdwvrmgtyGiU7quKpftre9ozsbKRc="},"senderSigningKey":{"public":"BQWJbVAS0aCt7rAzYI9AtBkBcmk5gHACTnFFswiaBxFw"},"senderMessageKeys":[]},{"senderKeyId":960070695,"senderChainKey":{"iteration":6,"seed":"XWdnp16/FxUCjEV2hPmczE0Ui5M6QhNItJbthQU83S8="},"senderSigningKey":{"public":"BcOVB4IyBXYdvfrb4EjTXnHxRbhWXmCD5A2dUnLX5mcf"},"senderMessageKeys":[]},{"senderKeyId":945291622,"senderChainKey":{"iteration":17,"seed":"hDgK8ke9yUevQs+zMeAJxX7/wJadrBg8qJsmd+TLrXw="},"senderSigningKey":{"public":"BQS8zo5HVrte57TGpjDNe6XdpolUPcgCbzOXlsvYmQoQ"},"senderMessageKeys":[]},{"senderKeyId":1810117129,"senderChainKey":{"iteration":3,"seed":"LMWM/6jR44QaCrzS71qeAyH0o7+P3OaNhAlrALJaYbE="},"senderSigningKey":{"public":"BV50g9CJYRKydLSvNfW9hZRP4JUBTBvv12AgEXsSXZRm"},"senderMessageKeys":[]},{"senderKeyId":1810117129,"senderChainKey":{"iteration":3,"seed":"LMWM/6jR44QaCrzS71qeAyH0o7+P3OaNhAlrALJaYbE="},"senderSigningKey":{"public":"BV50g9CJYRKydLSvNfW9hZRP4JUBTBvv12AgEXsSXZRm"}}]