[{"senderKeyId":697881550,"senderChainKey":{"iteration":0,"seed":"5uDSc6zfsPaJz4kPlVuzlZZngAxaGQcTYIbgIotiIcA="},"senderSigningKey":{"public":"BX4nlqIiGG824qpEiVfi0mPMyCCItIlbspzngxJRA3lh"},"senderMessageKeys":[]},{"senderKeyId":245884177,"senderChainKey":{"iteration":0,"seed":"6vfb7qbs6MFprJ5n2Khkpm3yrSeaX/lZx6HopUG+TgM="},"senderSigningKey":{"public":"BbtxAbBeLF8rtR/Avk9qjBZZGz3p7hEznLYtxmq8ggNt"},"senderMessageKeys":[]},{"senderKeyId":706880492,"senderChainKey":{"iteration":0,"seed":"2xDgVniH2NtZsqmxTh1+5Ulscw+dFDxQtpwD/NUD0ho="},"senderSigningKey":{"public":"BaCRoA4H3UBqul5dbawnr8HnXzb/OKTBiyYDm0FWxuwy"},"senderMessageKeys":[]},{"senderKeyId":1942472708,"senderChainKey":{"iteration":0,"seed":"82yEefyoUTg+5g9EhsF7hOITlsgsIN+VSvRpVUZRYIY="},"senderSigningKey":{"public":"BQJ4kNlIoUg8yatpbp5b9X4EynTnKGoUtqhvvapyFx4y"},"senderMessageKeys":[]},{"senderKeyId":123854614,"senderChainKey":{"iteration":0,"seed":"EFeJAfqDcvwgHsKWyJAYatd/3yS5DPaUPmiKdvGuSOE="},"senderSigningKey":{"public":"BS89/nTrZAXXanqMf9WrNa4DgryAE/jGRXNx59JtQB4Z"}}]