[{"senderKeyId":1617454676,"senderChainKey":{"iteration":22,"seed":"z8xvRgS62kaB12TWMCtK5DwRv8mdA53S3/dazX/pqZQ="},"senderSigningKey":{"public":"BV/w6wYMRwZ3VEMAqC97j0u6L2U+xBahhq3wM4+vYNYm"},"senderMessageKeys":[]},{"senderKeyId":286727899,"senderChainKey":{"iteration":1,"seed":"kLAiY18J9t10y3MZz28gbhZVB5W5HV6i+wNEoqnJ7/Q="},"senderSigningKey":{"public":"BeIOgdiQygy3W0yfKoNvqQgcPiVH6neYtJzCcISJeyAs"},"senderMessageKeys":[]},{"senderKeyId":150242460,"senderChainKey":{"iteration":1,"seed":"9xbygL2qIo+Gj9kiv9GNwJgPhqTT/lxUzcSzXp2Of1Q="},"senderSigningKey":{"public":"BQFK2nO38gxEBnZweKVu1FjGjbunu9WmelC5CYPqVqAY"},"senderMessageKeys":[]},{"senderKeyId":1048803143,"senderChainKey":{"iteration":0,"seed":"qZ2RuNgik4Ur5zeoVfun7x9CuRKnM0zbxjGxqvd/1wU="},"senderSigningKey":{"public":"BT97vd2L3T3z4fsi4kNGjcOgGPmDjufLpQMp4QKPzupR"},"senderMessageKeys":[]},{"senderKeyId":1069404144,"senderChainKey":{"iteration":0,"seed":"421ADc2Lw05dI6h3d7AI1i1lt2xJYssrHwaRE67+pWg="},"senderSigningKey":{"public":"Bc4lkMSgKVvGk8zM5JkqLCm6BjwZLsS1Pnct5jCfC/4q"}}]