[{"senderKeyId":1294566215,"senderChainKey":{"iteration":2,"seed":"/jTej2HKZu00nQ6eFFdrUvKFt5QjGf4t3/rNsx9pUoI="},"senderSigningKey":{"public":"BV0lWJH3mdr+/94KIrM6WZA92YXtKF0T1uUcbKSaZbgf"},"senderMessageKeys":[]},{"senderKeyId":1359442831,"senderChainKey":{"iteration":3,"seed":"jZrzbs3dOCJZVx2VYwXhLX7F5gngzwrKTwFghIF+w5U="},"senderSigningKey":{"public":"BU/wBaDsi1mibSCHNFztGfgK/MxfS/8St359Q5WbLAcV"},"senderMessageKeys":[]},{"senderKeyId":1329580273,"senderChainKey":{"iteration":1,"seed":"t+D9HrCp76X/9zwACMChg6fTqJ95EqteoBz2BnkwlU8="},"senderSigningKey":{"public":"BZ5/sozd8AV0/fc1K6khYjn+JZtco82NkeqzwkVYrFAh"},"senderMessageKeys":[]},{"senderKeyId":13323989,"senderChainKey":{"iteration":1,"seed":"x8SzAXR81hI5Ji0jc+4MD7uosB8QrnNQbElSoY+Rwdk="},"senderSigningKey":{"public":"BTfpV0PLbccsewoeyI2Kig4xGRJaZ6Jjbq1127LFiJVG"},"senderMessageKeys":[]},{"senderKeyId":1225711298,"senderChainKey":{"iteration":2,"seed":"Q3HKZIghfKy5Cg/XF3Y7wuCHxMH1HyixC/6e2ByzGjU="},"senderSigningKey":{"public":"BZFkSo68+0HFUEOUnRfTKr4LXfWQh5y1r5VY1eni5II8"},"senderMessageKeys":[]}]