[{"senderKeyId":1176149501,"senderChainKey":{"iteration":28,"seed":"Z0RlTWIM0j+KEMkSBiV9D9Jspzx7Ae9gU9l65RQQoeE="},"senderSigningKey":{"public":"Beyb9vHKuGkgDZhycx+tLJ88DpZEKX4Xwr2798kEoVIh"},"senderMessageKeys":[]},{"senderKeyId":1176149501,"senderChainKey":{"iteration":34,"seed":"VpovFXWu+38WYwtwsIcI9dLXClXsVo58hDVBylLcyvM="},"senderSigningKey":{"public":"Beyb9vHKuGkgDZhycx+tLJ88DpZEKX4Xwr2798kEoVIh"},"senderMessageKeys":[]},{"senderKeyId":1176149501,"senderChainKey":{"iteration":61,"seed":"iaCnOFMZ9gG4Z9t8liWqqksu+zV2o4sGZFRQxTuHzJ4="},"senderSigningKey":{"public":"Beyb9vHKuGkgDZhycx+tLJ88DpZEKX4Xwr2798kEoVIh"},"senderMessageKeys":[]},{"senderKeyId":688551841,"senderChainKey":{"iteration":104,"seed":"kLSbRplYHBzxmVNrVXZVsutN8tqdqIcRFBvtbmtHksA="},"senderSigningKey":{"public":"BeUVG55JytxSWT12Rla9XERFZMWAkc7C+l06A2UoAk1U"},"senderMessageKeys":[]},{"senderKeyId":688551841,"senderChainKey":{"iteration":89,"seed":"iUGLIPeKAyX2KgEl6QjdCsR6XLn1FPaq3AZadXsqvHw="},"senderSigningKey":{"public":"BeUVG55JytxSWT12Rla9XERFZMWAkc7C+l06A2UoAk1U"},"senderMessageKeys":[]}]