[{"senderKeyId":350855287,"senderChainKey":{"iteration":12,"seed":"mtTs2yxD1ddEvoMbiovBPxOj77USZBcBIluxO9QpZPY="},"senderSigningKey":{"public":"BbkwT4HZRttrsM2EKpdN5FWn7B/VilRJr9jXjBYgVqZz"},"senderMessageKeys":[]},{"senderKeyId":670710647,"senderChainKey":{"iteration":16,"seed":"T+OACPjdCmv8tQXloCjs7/cj4AUn5QNNeulaqJtWDjs="},"senderSigningKey":{"public":"Bbams91EjhPARr/LlgkTiJFTrwJUWSxTF6MKFPJDQmVL"},"senderMessageKeys":[]},{"senderKeyId":1394500590,"senderChainKey":{"iteration":25,"seed":"QTa4eHXjgGtvEjgw0csluqJ5cai2cvVWKQdYfmSSot8="},"senderSigningKey":{"public":"BXL05r53HDwvpKkDi18BZoeE0WMAB8oqQ2wzEHdoue84"},"senderMessageKeys":[]},{"senderKeyId":1635474548,"senderChainKey":{"iteration":16,"seed":"UzRAlmU62kpT21qdji255ZryLtbvA5iHfSM+1Vp2hS8="},"senderSigningKey":{"public":"BYfRhukj/pcDxWTGw4ooYGZkkR10CA0wCN+l/Gt52/FV"},"senderMessageKeys":[]},{"senderKeyId":1117537816,"senderChainKey":{"iteration":2,"seed":"rqGIQVrZmobCFN2MsE5LBbGqowDdGXbZ8eAGxs3dPTc="},"senderSigningKey":{"public":"Bduq9LWI6oarLKFUOO8F79+h/epqmkrzLcD+gJGiGPpN"},"senderMessageKeys":[]}]