[{"senderKeyId":833934116,"senderChainKey":{"iteration":0,"seed":"IofjibgZeEsbaAM2StXBHp+VH6+1NWbMLDNOhhwy8wg="},"senderSigningKey":{"public":"BZoCLzmKF1OeYREJJCsThoahJizEV00Xw1KTuGBh3ycg"},"senderMessageKeys":[]},{"senderKeyId":500367747,"senderChainKey":{"iteration":0,"seed":"ZbjVekgDyeq3ZIzmw5zxmb8v9SwPSd49puT4b2i5D3s="},"senderSigningKey":{"public":"BV0O4whLAE9QmVrF3IEZrk6edPX9zmcW7Slb/AVcsUxu"},"senderMessageKeys":[]},{"senderKeyId":403237760,"senderChainKey":{"iteration":0,"seed":"jsCJHr6bBTKRUo28Notuk6CyHU/MwTnH3r0jRrK6uWE="},"senderSigningKey":{"public":"BezC/ehhNik+tmKppqvDXcXmma2BHtE+Kl/7alSW9bxk"},"senderMessageKeys":[]},{"senderKeyId":356478097,"senderChainKey":{"iteration":0,"seed":"bGFWo579RoeNdbZDeOeswfSgoNhRtXbwkAdFSADJGvk="},"senderSigningKey":{"public":"Bf/aihdDfy5FuKhv/dNN7zKg24TkS6JM2A1dl/iVvUYZ"},"senderMessageKeys":[]},{"senderKeyId":245816583,"senderChainKey":{"iteration":0,"seed":"VbfJk210xjkjBDa3picGau8BlgPOINjy1gC17ppQ+hk="},"senderSigningKey":{"public":"BdMekcseV3H2zjwVhkQN5W+Ve17nPzgtoBIr7G2x1+gz"}}]