[{"senderKeyId":981677655,"senderChainKey":{"iteration":33,"seed":"U2UZRTyC59WETJP9Fstko57Ctjn5wI8E13AgpbSLW0c="},"senderSigningKey":{"public":"Be5iYPMKB3Q8cxtnX2AjoSjMbnn02Who199OMvo8etJh"},"senderMessageKeys":[{},{},{},{},{},{},{},{},{},{},{},{},{},{},{},{}]},{"senderKeyId":981677655,"senderChainKey":{"iteration":5,"seed":"4opi6wxHNrTQECWVx8hX9feCboyr2H8vsdpxj8OLbgI="},"senderSigningKey":{"public":"Be5iYPMKB3Q8cxtnX2AjoSjMbnn02Who199OMvo8etJh"},"senderMessageKeys":[]},{"senderKeyId":981677655,"senderChainKey":{"iteration":9,"seed":"otlJEW2wVOhigUhaupQ1ZpotbAdAYDq9QY2YyIBErtA="},"senderSigningKey":{"public":"Be5iYPMKB3Q8cxtnX2AjoSjMbnn02Who199OMvo8etJh"},"senderMessageKeys":[]},{"senderKeyId":981677655,"senderChainKey":{"iteration":29,"seed":"EehMMb1rUTCXmNCXXQMf37Q4Gn42wBj2S6g8TXQr2oA="},"senderSigningKey":{"public":"Be5iYPMKB3Q8cxtnX2AjoSjMbnn02Who199OMvo8etJh"},"senderMessageKeys":[]},{"senderKeyId":981677655,"senderChainKey":{"iteration":31,"seed":"74oGRE5djQnR50PkeejltOdzUSlcy6VQH0ilaOsZAoU="},"senderSigningKey":{"public":"Be5iYPMKB3Q8cxtnX2AjoSjMbnn02Who199OMvo8etJh"},"senderMessageKeys":[]}]