[{"senderKeyId":1648271859,"senderChainKey":{"iteration":0,"seed":"zrnFd5BBUT/n3s1nycoTS7e6JB85ShOmBKeYyrwdmq0="},"senderSigningKey":{"public":"BVeMDq4FSSM7wAqf3gYoCGOBaDeiU/7AyXF3N9ZTAIR6"},"senderMessageKeys":[]},{"senderKeyId":1112832649,"senderChainKey":{"iteration":0,"seed":"ZZXb5mP/xwxEvByUIMPSHQHoz9eSTKyFVml8mrv/Wrw="},"senderSigningKey":{"public":"BdSz4qdYaHhph3xFmzjJ/Zql2YxOD35SR/+PtDMlvNYR"},"senderMessageKeys":[]},{"senderKeyId":1725342660,"senderChainKey":{"iteration":0,"seed":"k9s9RSn6Y4AaWGKb/aahewKC8Z8fQhhO6HTocPL9rqw="},"senderSigningKey":{"public":"BVZ/694W3+uih82+pwg9mVgdpJKsGFCDgjXEz5vcWmgS"},"senderMessageKeys":[]},{"senderKeyId":1532628917,"senderChainKey":{"iteration":0,"seed":"SgtFHjgeWdk2KTur+RICmAN8/XsJiu2Y98Sr/S6aiAs="},"senderSigningKey":{"public":"Bd/fsdyx0ZL6XRbwl+WogIgl9nNm78+u98axbBzzEw80"},"senderMessageKeys":[]},{"senderKeyId":1851211299,"senderChainKey":{"iteration":0,"seed":"urCSoc/MqQxE0dF3tRDeVUsmguOC2opdcc0GjtrRstU="},"senderSigningKey":{"public":"BZINU0Ow1QoGwB94kuw9MVXcDaaZ5oEqYAy9w5eyHWgo"}}]