[{"senderKeyId":1175791243,"senderChainKey":{"iteration":0,"seed":"/gYIhm/veREZ6C2Ot63fs+PvgS1eeH3MKO0Ve5fsn48="},"senderSigningKey":{"public":"BaSaWGRuPPg7inV/WtTmLkrUejllvxXRCEZii1XbMT5I"},"senderMessageKeys":[]},{"senderKeyId":161101259,"senderChainKey":{"iteration":1,"seed":"hzdbHrI2g1BWMjNG73X9KeToQm6XH/fKlIOz0jwCrHI="},"senderSigningKey":{"public":"BfKwpjhrPVCsy9wtWLPhAnz81n+oDSdpL3odZ5R28P1+"},"senderMessageKeys":[]},{"senderKeyId":1808954223,"senderChainKey":{"iteration":0,"seed":"OZnrHRdnJP8q5ERdGZ95QTpST79pYSm+7siRZ64JMtU="},"senderSigningKey":{"public":"BeqQ5KErIGAlMf2+JkhECEYyrRcMPKcb21SBYTSDKOxl"},"senderMessageKeys":[]},{"senderKeyId":1684272477,"senderChainKey":{"iteration":0,"seed":"X8WKw0xH8sBWK5y0LI4wyUgx6AuOuLYKlKv3GcWZNfY="},"senderSigningKey":{"public":"BaWVAjxdR3VYc02ELc9fLkOAWYqlRnpcK7Wrh6Ryw0hi"},"senderMessageKeys":[]},{"senderKeyId":2099583605,"senderChainKey":{"iteration":0,"seed":"btBc0Bx3NNuFSS8P2mGXHg/7smnu3fGuO5IjzQlfUOo="},"senderSigningKey":{"public":"BbOvFrMIVummvLlPjlZemxJhK8WFZeo+MghrwfTW1T1B"}}]