[{"senderKeyId":36867253,"senderChainKey":{"iteration":1,"seed":"UEi+A5lZEHpL7BsYFfWGlS0NjdEFGWhoz+dlvkuK3TU="},"senderSigningKey":{"public":"BbtUF91KmnYXvEncNYgc0I5xJhOdNLa9p3PZTbmA1OBP"},"senderMessageKeys":[]},{"senderKeyId":1340510228,"senderChainKey":{"iteration":1,"seed":"OCJEKCh5MwiDXcJ/LMik8+rCkixSE72qXGABc/lcW/E="},"senderSigningKey":{"public":"BZ9F/Jue/2PpV8I/r2TJ4buNlxKry5N1xEnjm2omIX0F"},"senderMessageKeys":[]},{"senderKeyId":1275051984,"senderChainKey":{"iteration":1,"seed":"juGqjUNttjxxmOSRedIPSO/JYBzyhUSx70XEy4co4hM="},"senderSigningKey":{"public":"BRvZjXQY0EWvaUGaSGPBU3m+8DRGCw7hlWEqDm7gmdcl"},"senderMessageKeys":[]},{"senderKeyId":997730778,"senderChainKey":{"iteration":1,"seed":"4Z32RgVpi2mRbSMvyAx7a9VqtZAV/OnSHaipo1CPyeQ="},"senderSigningKey":{"public":"BQimImFPRDedzKasXEYWuBGdPsf0ABPttzET1MMEWXUh"},"senderMessageKeys":[]},{"senderKeyId":302652152,"senderChainKey":{"iteration":1,"seed":"sDQVcszrmQgbupSSm4U8OeWUWmBQk/2Ap5yFotnU5S0="},"senderSigningKey":{"public":"BYwkt0PpqYZ5PGpYviPJA0TxHoDhjE+7jxfwIPZ0Ha0K"},"senderMessageKeys":[]}]