[{"senderKeyId":1825411983,"senderChainKey":{"iteration":0,"seed":"wvplPfJ/m8XHkEZ0TJWUs4E6Sb/ej+wwO4Amx+22Mfs="},"senderSigningKey":{"public":"BbzDrR89UJyK4oaZqv4+ucTisOyvFZvy1pVw4vEQz+Uy"},"senderMessageKeys":[]},{"senderKeyId":154652190,"senderChainKey":{"iteration":0,"seed":"CRk4qrHz1WGZyezZV+T+QSs5eyG7NwZuFlMyCj+lNoI="},"senderSigningKey":{"public":"BYY8qR9p6fajp2zWJZ2jYQRGSAwU02CcpYHUK5Jpq7l0"},"senderMessageKeys":[]},{"senderKeyId":1611529662,"senderChainKey":{"iteration":0,"seed":"3gwCOZ6Akjm03N1eki3bsM4bH2rdIzxcgsP8eVtQW80="},"senderSigningKey":{"public":"BZFWX7czK+9VSimgu2dhLA4CBN7U2AuKPUCb/eikxsBk"},"senderMessageKeys":[]},{"senderKeyId":1111205167,"senderChainKey":{"iteration":0,"seed":"bd5+ELxRbUG5fZrzfbnpUp4+97jHFUtQHiuVwW4FU5E="},"senderSigningKey":{"public":"Bavd/eNmmMF+7G2vfrq+6RCvI/zpNBFb1dvwsuTchTRQ"},"senderMessageKeys":[]},{"senderKeyId":803498633,"senderChainKey":{"iteration":0,"seed":"VZ9yV/43nq2dklI4ojALrSy9+Yz46lk6f98RfP8k8js="},"senderSigningKey":{"public":"BePV7S69vWi2yE3uNNn8r+WkEILZzBpBHWs+giHRkD05"}}]