[{"senderKeyId":1600434842,"senderChainKey":{"iteration":20,"seed":"rTJNZhna1lTzp4P9ebEG/qyxAvUldPR7tdtbj1C1lb4="},"senderSigningKey":{"public":"BYAeU6a+eKIzuyxz4aDxGkao/UVrepqsEClraoZjT3xc"},"senderMessageKeys":[{}]},{"senderKeyId":1600434842,"senderChainKey":{"iteration":1,"seed":"pO2OONQB4Uw6Zy4k++WcEaPjFSklEilE/jo+bNqAkVk="},"senderSigningKey":{"public":"BYAeU6a+eKIzuyxz4aDxGkao/UVrepqsEClraoZjT3xc"},"senderMessageKeys":[]},{"senderKeyId":1600434842,"senderChainKey":{"iteration":7,"seed":"1GkPcEMV/QjB4152IEk4fhyTcY795vJZd2WP4296zYo="},"senderSigningKey":{"public":"BYAeU6a+eKIzuyxz4aDxGkao/UVrepqsEClraoZjT3xc"},"senderMessageKeys":[]},{"senderKeyId":1600434842,"senderChainKey":{"iteration":16,"seed":"7BRiJtijkHXjecJZfFhPoKMbFxlwT4Rka+IZd/UPlY8="},"senderSigningKey":{"public":"BYAeU6a+eKIzuyxz4aDxGkao/UVrepqsEClraoZjT3xc"},"senderMessageKeys":[]}]