[{"senderKeyId":1082470614,"senderChainKey":{"iteration":35,"seed":"352nZmsD1C1CcR85rQ3zBTUIEhFizDQMEWqXTOD/SBk="},"senderSigningKey":{"public":"BfYISVFP3r9XQVI+joqTmXDotWY3dXAm3EOuDaxzT11H"},"senderMessageKeys":[]},{"senderKeyId":1082470614,"senderChainKey":{"iteration":20,"seed":"g0nDYIzG9wC+qWPbdo8cpCZRYnurDY9oHKvh1quyebk="},"senderSigningKey":{"public":"BfYISVFP3r9XQVI+joqTmXDotWY3dXAm3EOuDaxzT11H"},"senderMessageKeys":[]},{"senderKeyId":1082470614,"senderChainKey":{"iteration":21,"seed":"aDMG7280W3jUDXAJTZB/dQoea44bgY9PtnaCnV6KZC4="},"senderSigningKey":{"public":"BfYISVFP3r9XQVI+joqTmXDotWY3dXAm3EOuDaxzT11H"},"senderMessageKeys":[]},{"senderKeyId":1082470614,"senderChainKey":{"iteration":31,"seed":"dn91Z+tALanIj+GA+7iRAleGTpZsyGLn34jUFFdkT80="},"senderSigningKey":{"public":"BfYISVFP3r9XQVI+joqTmXDotWY3dXAm3EOuDaxzT11H"},"senderMessageKeys":[]}]