[{"senderKeyId":1786900698,"senderChainKey":{"iteration":15,"seed":"oM2Jhj1Po0BBauP+NIai7lIGHiPXmsI1k6WmzyNP/VI="},"senderSigningKey":{"public":"BdENa4L7UT97oyWp1I3oH1Q9dtqWXhbf2TbFPP2AxEx9"},"senderMessageKeys":[{},{},{}]},{"senderKeyId":1786900698,"senderChainKey":{"iteration":11,"seed":"Kdr5Odpl1ODP/MQUCLAzbvxHGgOg8fmgA06A4b2JnwI="},"senderSigningKey":{"public":"BdENa4L7UT97oyWp1I3oH1Q9dtqWXhbf2TbFPP2AxEx9"},"senderMessageKeys":[]},{"senderKeyId":1786900698,"senderChainKey":{"iteration":13,"seed":"VPpEel16R8+7ALpVZW5TXZ7q5kc3bH7auYW9uiWHcts="},"senderSigningKey":{"public":"BdENa4L7UT97oyWp1I3oH1Q9dtqWXhbf2TbFPP2AxEx9"},"senderMessageKeys":[]}]