[{"senderKeyId":714801513,"senderChainKey":{"iteration":14,"seed":"nIcA57DmxfQ8sMHLcUYOX4xX4X82tw2fWqBl7HFh824="},"senderSigningKey":{"public":"BZSdSexI98dtlkVMHkIT+KOK7+KMnG65e87dDH55MrB+"},"senderMessageKeys":[]},{"senderKeyId":1454655492,"senderChainKey":{"iteration":2,"seed":"hAnS8GUdK3M3+SWAuGd0s8avrhEddQd8k4Dh80p4jSs="},"senderSigningKey":{"public":"BYXqMuFh6zA1fZ5ta9SnGrIZhbrRO90HX25RLFzBgvxh"},"senderMessageKeys":[]},{"senderKeyId":552490531,"senderChainKey":{"iteration":4,"seed":"HCZ6YrWyHbyCfwwYQfAnaOLhAf70r4bGcx+l0eVnSfw="},"senderSigningKey":{"public":"BXgrn+W3S36n91bJZKv2qmiwm8/9ftlDJjc23A2bKmgm"},"senderMessageKeys":[]},{"senderKeyId":84464459,"senderChainKey":{"iteration":10,"seed":"R+hOR+3xG466Dq7su7bKEbAkB3OBF1NhCXIr7faHPlc="},"senderSigningKey":{"public":"BU0MyoAdkxTVg88HVet58ZbBvnF+xK1gS+4h0EmN0s9t"},"senderMessageKeys":[]}]