[{"senderKeyId":252611763,"senderChainKey":{"iteration":45,"seed":"PzKl5mP1CuODPuGL5A9J8o2hvLfefinPNeB/OdXPX8Y="},"senderSigningKey":{"public":"BVBvJ4SoIldm9ufQha+UTqbGoph9b2330IqEAzoXSihR"},"senderMessageKeys":[]},{"senderKeyId":252611763,"senderChainKey":{"iteration":1,"seed":"uNmfzyq88ojH+lp5WtZntQMMoqnVlNZ/qIpXxLLrCEE="},"senderSigningKey":{"public":"BVBvJ4SoIldm9ufQha+UTqbGoph9b2330IqEAzoXSihR"},"senderMessageKeys":[]},{"senderKeyId":252611763,"senderChainKey":{"iteration":44,"seed":"PAklLsPKuObz/jwhlFfd4QFsTrJqI+m4T2LKLPHRgGY="},"senderSigningKey":{"public":"BVBvJ4SoIldm9ufQha+UTqbGoph9b2330IqEAzoXSihR"},"senderMessageKeys":[]}]