[{"senderKeyId":800358390,"senderChainKey":{"iteration":2,"seed":"Ywiub5kEuP7giMQQfu7mGod6txnC4k7jxI/EV2aaVe4="},"senderSigningKey":{"public":"BSwoKogsZWdSrf8uCYJpwN8rUIFby+nizjh2LnvIpvQk"},"senderMessageKeys":[]},{"senderKeyId":738007388,"senderChainKey":{"iteration":3,"seed":"2+Y64eQrvUuliktSd0Nj9i64thwRoWRLy6I63Ehuu24="},"senderSigningKey":{"public":"BfIoFvvx7fSGkICKW5uDQ7Twk1PTCpWrpQYVW3uDBTNW"},"senderMessageKeys":[]},{"senderKeyId":1916069668,"senderChainKey":{"iteration":1,"seed":"p5ZV0kFi3Owk/8yKBnhDXJosnKt6hIZYZzWAD2S32ss="},"senderSigningKey":{"public":"BSDuQBL+NN2n6EGmLBnBE0raceQmnK6fHOjRQFRCpjI9"},"senderMessageKeys":[]},{"senderKeyId":1308185032,"senderChainKey":{"iteration":33,"seed":"7Q65Rz/RjyCbEViDXQ1L49MEnsaOsTeVVEXvTaXEdI8="},"senderSigningKey":{"public":"BTbZvG1uz2bJ6yOW73yH3j+3ii2NdwKssmmF5k7OcoxX"},"senderMessageKeys":[]}]