[{"senderKeyId":2001324654,"senderChainKey":{"iteration":35,"seed":"SAphxex0HL2YTVOPwtw26wFzBely4iap3Axc+DGjEm0="},"senderSigningKey":{"public":"BUyGdT76eN/qQqVf2716c7LAURL4TAZY4mD3ln7RfyJY"},"senderMessageKeys":[]},{"senderKeyId":357392105,"senderChainKey":{"iteration":28,"seed":"3ViUSKYSQ81U+WnjSvq7p9VjRJ62WIsWER5PS+PkRxw="},"senderSigningKey":{"public":"BRy4wm4sjJ01MaBlrtiQbK+8c28579WS7XFbzgUj4MZ7"},"senderMessageKeys":[]},{"senderKeyId":2144101406,"senderChainKey":{"iteration":173,"seed":"WjJTqSFUMG3itwezF8VNdcIR8ddIr+LXtgh74pRQgTw="},"senderSigningKey":{"public":"Bdg59H50eZoj5y46OHRAGaDNSrRvN0Ofp5OGwIi7C9Un"},"senderMessageKeys":[{}]},{"senderKeyId":2144101406,"senderChainKey":{"iteration":163,"seed":"2eVCW+wDXs4BjOz1R7mQjOKrVd/lNq0990ZyElo94P0="},"senderSigningKey":{"public":"Bdg59H50eZoj5y46OHRAGaDNSrRvN0Ofp5OGwIi7C9Un"},"senderMessageKeys":[]},{"senderKeyId":116814347,"senderChainKey":{"iteration":3,"seed":"9a7fT1ifBi82gpDJ1HVshBEi0pWRmxb+KokyOMJafGo="},"senderSigningKey":{"public":"BeQfIlErkGJrRy4ALmu04ELnPAe/SfCGul/kiNB3ecoA"},"senderMessageKeys":[]}]