[{"senderKeyId":2131130878,"senderChainKey":{"iteration":0,"seed":"zy2NwpOUbHLIBBW7SNRaTc3MD1Gw4hakGeiU/6mK0xA="},"senderSigningKey":{"public":"BWalkBmNzfOX4tZDIlBVreGxQncpQWUDNBy8grZP6Hgn"},"senderMessageKeys":[]},{"senderKeyId":28102830,"senderChainKey":{"iteration":4,"seed":"p5DKiHBVncX6RD/7693VZMGOGKMsMRT/PMC45NpaYh0="},"senderSigningKey":{"public":"BXG1+9VzMB9t2dwnC15oGDCa35YSgrkLNzozwN4+88Ek"},"senderMessageKeys":[]},{"senderKeyId":1810406635,"senderChainKey":{"iteration":15,"seed":"MuE/z0JjNrWQ8c1RU2N2gRVFr8MAJk/EIJNm3W4RMLA="},"senderSigningKey":{"public":"BVrOaYxYS8yOOCStCp21S4qFz+asCDnV0lDaLLTfd3s7"},"senderMessageKeys":[{}]},{"senderKeyId":1548390112,"senderChainKey":{"iteration":0,"seed":"87mRNqqlRFYeNgwbgIg0qH6mbdz+YPdIG4c5b7rOAeE="},"senderSigningKey":{"public":"BXRvggNtelLMT/zcSy0DpPPVc/2fHwQL5EWJjPUOj4oN"},"senderMessageKeys":[]},{"senderKeyId":1295043361,"senderChainKey":{"iteration":1,"seed":"86E5FlY6EwLj4fMCJgRDA8QvSAycFNILILobzdrzhUc="},"senderSigningKey":{"public":"BT/6gIFfjxF2JZZWQUDy5TLWDFR2CuByDCdr321eEckV"},"senderMessageKeys":[]}]