[{"senderKeyId":779627023,"senderChainKey":{"iteration":0,"seed":"Kbw/IagMaSTa6Uv9gLgkWmnxA/EUJvH/ye70r3MCSdQ="},"senderSigningKey":{"public":"BQo8j74yrSCJnGOfvxgcuigG2y//QnIEM2TXL65ZwUJQ"},"senderMessageKeys":[]},{"senderKeyId":1451217493,"senderChainKey":{"iteration":0,"seed":"0LrY/kff5ERixanzIQ/Ijw75rCm1JCD/hu+8R1e+wSg="},"senderSigningKey":{"public":"BT+EvlH//GSBlZDLNzBhsAgwnZAQ6DrNOhYic1ZNgp1+"},"senderMessageKeys":[]},{"senderKeyId":968447595,"senderChainKey":{"iteration":0,"seed":"ZH7Jx5HJR8aH6eUpUMF23mG2iLWSUCaDjlW1anxM1YY="},"senderSigningKey":{"public":"Be0mYrWVPhgyUThAsKHZ0XTAMh74rSn+GJangFVOtY10"},"senderMessageKeys":[]},{"senderKeyId":1602266053,"senderChainKey":{"iteration":0,"seed":"CA+hguQJuRqY9/TathyxGG4Wxy5KuYa33e5AHC1S7Rs="},"senderSigningKey":{"public":"BQOPYT9RVq67xbZzJwf1Hs9QiIk61GUGBJtYP/05OKwK"},"senderMessageKeys":[]},{"senderKeyId":1369307355,"senderChainKey":{"iteration":0,"seed":"MTz7UcnxaCIYKqDqY/psKgsbfif24xjw3Pd/H/fbLhM="},"senderSigningKey":{"public":"BYX9iM90gy8AZZm51O2dTFFjEJSsNbNHVKoANkIo+IBF"}}]