[{"senderKeyId":189284492,"senderChainKey":{"iteration":0,"seed":"gpxnpW4VegS5iqTxtR15W5YYdQnpf5BeBylqea094Wc="},"senderSigningKey":{"public":"BdJC7yjS/pz9fwlsOnFE5Ft2j6cP3b1cElByWct3wBR9"},"senderMessageKeys":[]},{"senderKeyId":1101273733,"senderChainKey":{"iteration":0,"seed":"P7Fdeu76ljq7voKCXoygmC1Prv76FTEEoW/C7IudvwA="},"senderSigningKey":{"public":"BcWacmbYAjgZTn6dp+yvf69BvNLVdd5iUfK0TR/bjgFt"},"senderMessageKeys":[]},{"senderKeyId":1873624202,"senderChainKey":{"iteration":0,"seed":"AeY5pnThsJ0+kdDeTa+NnxpXPUKGGbxSWa062P1PZ7g="},"senderSigningKey":{"public":"BVdTOZuWamGSE9yIGmFqy0LE/DW748jhSdPQSiiXO2IY"},"senderMessageKeys":[]},{"senderKeyId":269962997,"senderChainKey":{"iteration":0,"seed":"kvSr1Q3cytmRvi8ilVHpevGt/PmRn3nupX86wYTKTz4="},"senderSigningKey":{"public":"BfkEdaRanQgCevc0CsSJdG1aMzqGAYgWuUGsTQEXqRVL"},"senderMessageKeys":[]},{"senderKeyId":1058566350,"senderChainKey":{"iteration":0,"seed":"dNNFvIqL4PE+KAWr8YFMEno/JJWbARvbEL8tF598x5E="},"senderSigningKey":{"public":"BSIEaqWRTGKkVB72ZXjXYSVvcbk6w6lmnAypXdRc60w5"}}]