[{"senderKeyId":740181544,"senderChainKey":{"iteration":45,"seed":"nY37eB4sjS9MOZdDL0Vlc7nYByT3Km29VfRTeG1ihIo="},"senderSigningKey":{"public":"BW9qv7AWkWZjOQy0BytOBd+pYTjiHVAGZA8LAXtUoqR8"},"senderMessageKeys":[{},{},{},{},{},{},{},{},{},{},{},{}]},{"senderKeyId":740181544,"senderChainKey":{"iteration":33,"seed":"qKZXg3BEvSuoKT9OQW3gCYD3O+RVVcxapGalFHGbNuw="},"senderSigningKey":{"public":"BW9qv7AWkWZjOQy0BytOBd+pYTjiHVAGZA8LAXtUoqR8"},"senderMessageKeys":[]},{"senderKeyId":740181544,"senderChainKey":{"iteration":35,"seed":"gTkySrWcl/hKlviXGdGC17FQpm6jBRdyIqu5J252/PA="},"senderSigningKey":{"public":"BW9qv7AWkWZjOQy0BytOBd+pYTjiHVAGZA8LAXtUoqR8"},"senderMessageKeys":[]},{"senderKeyId":740181544,"senderChainKey":{"iteration":39,"seed":"uW8s6YEqVTWv90p7Uaf1D16qBj15QD/js1eH0GqiBvw="},"senderSigningKey":{"public":"BW9qv7AWkWZjOQy0BytOBd+pYTjiHVAGZA8LAXtUoqR8"},"senderMessageKeys":[]},{"senderKeyId":740181544,"senderChainKey":{"iteration":41,"seed":"9VuV9ijBRl4gYqSqZ4AcNyjYgcx7j41/+V9BybDHoFo="},"senderSigningKey":{"public":"BW9qv7AWkWZjOQy0BytOBd+pYTjiHVAGZA8LAXtUoqR8"},"senderMessageKeys":[]}]