[{"senderKeyId":357944114,"senderChainKey":{"iteration":0,"seed":"I39e71jkrLbu/ZxvuyXDMgekKi8p8+4Aodyjooz2YwI="},"senderSigningKey":{"public":"Bdd86rQywKLXqPQbILzdFKnJtTIOjSvvjD6m8eDzNx5x"},"senderMessageKeys":[]},{"senderKeyId":475818567,"senderChainKey":{"iteration":0,"seed":"PY2/XrtjboAYTPrJSxgn5NSOq5wSYtDdpGcGRiqrt64="},"senderSigningKey":{"public":"BeQr42HcSvJ3CdU8IJORxoLBzEZDsHjNnM5Wa3sgeNV1"},"senderMessageKeys":[]},{"senderKeyId":1495868182,"senderChainKey":{"iteration":0,"seed":"X2Fog3xmJynRlykKcbVTRItabg+kC8wgRF/aN1/KfhQ="},"senderSigningKey":{"public":"BUlecba12M+DXD3uLsHGA5+4IvTyN2vY3heFy4MKE1kc"},"senderMessageKeys":[]},{"senderKeyId":617741622,"senderChainKey":{"iteration":0,"seed":"EtDsXRWpLViTKcCk2gGHBIWfIUAdLwjBr0Kpi/5DG8U="},"senderSigningKey":{"public":"BeoewlGB+Q4CVjkRL+yWTG/1hO2+KlJYoF/1fP4IPoNN"},"senderMessageKeys":[]},{"senderKeyId":954918195,"senderChainKey":{"iteration":0,"seed":"BPbMhebc8U9pbiI96ssItV/qj3TFJHbTblnnwU9yJQM="},"senderSigningKey":{"public":"BUk8MqpLJYuYHC3qEnPdUsnLHxj/mJ3T4o95cCRrsssn"}}]