[{"senderKeyId":1667270747,"senderChainKey":{"iteration":1,"seed":"tIdboL3ndjUm9XxShi7QgZHXBMOrHuBW444Mbveiu+I="},"senderSigningKey":{"public":"BQ4IMu+pCwh1KN6pV4piu1O7Pex69x9/H1PAx/4Ca6d8"},"senderMessageKeys":[]},{"senderKeyId":1649479563,"senderChainKey":{"iteration":11,"seed":"b/gOnFBLmbFH8s89Cq47Tz3SIK8sLK5ZQ1+/ssbNkYU="},"senderSigningKey":{"public":"BdA9PDxMzb0pEKymPqHZXkGmZRvVtgLcPjPI6H2wbzsl"},"senderMessageKeys":[]},{"senderKeyId":1444804181,"senderChainKey":{"iteration":4,"seed":"Dl1JAc/o9WcbCIpgaye+MPHUtQYzSIqMvEO7Jop/3J4="},"senderSigningKey":{"public":"BaF77udk9SD3+SReOCX+MELr5lDABuvZet0L9rSF/5M3"},"senderMessageKeys":[]},{"senderKeyId":1369448718,"senderChainKey":{"iteration":7,"seed":"ENJOaSiq3FqTqraAgzP6L7fq8VHLo9x3xG3X7nCy3Tc="},"senderSigningKey":{"public":"Bb/zQQgGWtU76VL8YmNXBggLQk/EJMDMC1l4Pa2rjdJt"},"senderMessageKeys":[]},{"senderKeyId":1369448718,"senderChainKey":{"iteration":5,"seed":"oLQ1UvtYwZ5Dap62qJxCDEWjozDKhFMx+ZRTUmPDGdE="},"senderSigningKey":{"public":"Bb/zQQgGWtU76VL8YmNXBggLQk/EJMDMC1l4Pa2rjdJt"},"senderMessageKeys":[]}]