[{"senderKeyId":23972497,"senderChainKey":{"iteration":1097,"seed":"tjM0FPJR4ZzRtyKPG0VCDxXo3hTmYtzolfcdUCNO2XA="},"senderSigningKey":{"public":"BdU0eZvcSDxR8LdA+aoqYNQkhUYSLUkKB4wGrsyyJEhT"},"senderMessageKeys":[{},{},{},{},{},{},{},{},{},{},{},{},{},{},{},{},{},{},{},{},{},{},{},{},{},{},{},{},{},{},{},{},{},{},{},{},{},{},{},{},{},{},{},{},{},{},{},{},{},{},{},{},{},{},{},{},{},{},{},{},{},{},{},{},{},{},{},{},{},{},{},{},{},{},{},{},{},{},{},{},{},{},{},{},{},{},{},{},{},{},{},{},{},{},{},{},{},{},{},{},{},{},{},{},{},{},{},{},{},{},{},{},{},{},{},{},{},{},{},{},{},{},{},{},{},{},{},{},{},{},{},{},{},{},{},{},{},{},{},{},{},{},{},{},{},{},{},{},{},{},{},{},{},{},{},{},{},{},{},{},{},{},{},{},{},{},{},{},{},{},{},{},{},{},{},{},{},{},{},{},{},{},{},{},{},{},{},{},{},{},{},{},{},{},{},{},{},{},{},{},{},{},{},{},{},{},{},{},{},{},{},{},{},{},{},{},{},{},{},{},{},{},{},{},{},{},{},{},{},{},{},{},{},{},{},{},{},{},{},{},{},{},{},{},{},{},{},{},{},{},{},{},{},{},{},{},{},{},{},{},{},{},{},{},{},{},{},{},{},{},{},{},{},{},{},{},{},{},{},{},{},{},{},{},{},{},{},{},{},{},{},{},{},{},{},{},{},{},{},{},{},{},{},{},{},{},{},{},{},{},{},{},{},{},{},{},{},{},{},{},{},{},{},{},{},{},{},{},{},{},{},{},{},{},{},{},{},{},{},{},{},{},{},{},{},{},{},{},{},{},{},{},{},{},{},{},{},{},{},{},{},{},{},{},{},{},{},{},{},{},{},{},{},{},{},{},{},{},{},{},{},{},{},{},{},{},{},{},{},{},{},{},{},{},{},{},{},{},{},{},{},{},{},{},{},{},{},{},{}]},{"senderKeyId":23972497,"senderChainKey":{"iteration":655,"seed":"RZCD0AMY25MmRNUA+01ZC2oXnPLZuOFX+D4UejJLcE0="},"senderSigningKey":{"public":"BdU0eZvcSDxR8LdA+aoqYNQkhUYSLUkKB4wGrsyyJEhT"},"senderMessageKeys":[]},{"senderKeyId":23972497,"senderChainKey":{"iteration":995,"seed":"IkYT4rHk/mfHBlHkKVEUQDzB7L5SWVWI/Lh4CJxnMlE="},"senderSigningKey":{"public":"BdU0eZvcSDxR8LdA+aoqYNQkhUYSLUkKB4wGrsyyJEhT"},"senderMessageKeys":[]}]