[{"senderKeyId":1026263934,"senderChainKey":{"iteration":28,"seed":"audsmSkMLautiqYQIQYg4xO6oOpc73kgOMdND6Fm2Ds="},"senderSigningKey":{"public":"BfRGXk9qAAz0qvOjQ5yZQ9d2aTSvNZ8QUYpB/rVwAP9m"},"senderMessageKeys":[]},{"senderKeyId":1820491293,"senderChainKey":{"iteration":0,"seed":"IyWscnc7vcofSK0dLNt6zvRCpnTzRcTaRIznAT23fPY="},"senderSigningKey":{"public":"Bd3MkS+2XtPI01fuf01j1la6Q310mcXTxUHRYfvoVgRL"},"senderMessageKeys":[]},{"senderKeyId":793298948,"senderChainKey":{"iteration":0,"seed":"bk5/j3kkiKuhfGTuLNhASdVXyg6ANPDHmIlhvh9pkOc="},"senderSigningKey":{"public":"BRwvEzLVwX0dSFdT2LSErWb3WrxSqXXu7C9Xsn6kO1Fy"},"senderMessageKeys":[]},{"senderKeyId":487541835,"senderChainKey":{"iteration":0,"seed":"gd0hDLISomd0dv9zr+N8lNTMUTM2ILS3DBJineKrxXE="},"senderSigningKey":{"public":"BZ1F++jzLjyafuxsb4MnpQYr6XS1K4WJnQpwR86R61N+"},"senderMessageKeys":[]},{"senderKeyId":758492833,"senderChainKey":{"iteration":0,"seed":"zg8JhfXd1vkmwjXgxXMUiOryJzEmJz67yw40ZwKGcA4="},"senderSigningKey":{"public":"BXLDGGawPVhwfG8Pfn9VlJMBRqSUR1CAJqPlQpQQ6/oz"}}]