[{"senderKeyId":650367720,"senderChainKey":{"iteration":10,"seed":"cGXZD/q4BJxT0eGQCZDusvZ4POgb16449kdlDg+UUAk="},"senderSigningKey":{"public":"BeoRuNlBA4xoyNj8SPGUnOO6qiFFDhj+59jyiqHFYip9"},"senderMessageKeys":[]},{"senderKeyId":93889422,"senderChainKey":{"iteration":26,"seed":"crHdDogdPn1JiWtUPqpudaYf9htXGXKEZbenOxaiqx8="},"senderSigningKey":{"public":"BazHzXstRPfd5WQgvlX8mQUVvlq33N/Gdkl9kIHj1k9L"},"senderMessageKeys":[]},{"senderKeyId":860329948,"senderChainKey":{"iteration":1,"seed":"kBYVSC68j0Ka6rUTop45Sh8vV5hfH2dGYLZ9WMCUVwo="},"senderSigningKey":{"public":"BTh+jjlTI+h6UM/xc9IX00vO/lsCiZbWzDzuemoaYMow"},"senderMessageKeys":[]},{"senderKeyId":952105134,"senderChainKey":{"iteration":7,"seed":"KR7o88uUbxqaBsdhg2oVgPAiIVpDY/ZHwRasgHkjWw8="},"senderSigningKey":{"public":"BQcA7wTH7fTSR+XhXdEtGl4WTQmyRQqSc0JjVAFrhMsG"},"senderMessageKeys":[]},{"senderKeyId":808977111,"senderChainKey":{"iteration":5,"seed":"eauaPkleiC/f7ZQEqLSHjGwNqxoZ5v7jePSjaNfYbFg="},"senderSigningKey":{"public":"BRxLVbvqEwapK7AwOr4TXLfBhWEs4fuWjWTZFT5e0yJw"},"senderMessageKeys":[]}]