[{"senderKeyId":1501704801,"senderChainKey":{"iteration":0,"seed":"GWSwQCaoaWdQRHJCrjoTOQY/xsmAJkV0V+bOLmYd7sw="},"senderSigningKey":{"public":"BZ92MwQPm4WPNd07S8JF+Cr2HtXoT6XIBlhJrU3ihJUU"},"senderMessageKeys":[]},{"senderKeyId":1043552961,"senderChainKey":{"iteration":0,"seed":"WA44orAiyOO8tl81eKVTXG6Lj2YdJmK/gmDV/HXf36M="},"senderSigningKey":{"public":"BT41e1f/ijLCibtxCgpeBUm4c8Wqc3I1tfCyjsui+KNm"},"senderMessageKeys":[]},{"senderKeyId":1137429503,"senderChainKey":{"iteration":0,"seed":"rKlX9VTemnGMrWZKl70+jdqmIPSqnbQAqZqfX+op53I="},"senderSigningKey":{"public":"BW9D3LY0sFDPPNnshWF8LVbguBXoxhP1VroVatZrqy5V"},"senderMessageKeys":[]},{"senderKeyId":1326518865,"senderChainKey":{"iteration":0,"seed":"2ka5lU+uwTJxqKTL32YHXcGeDB2uP9ryxypFbrn97J8="},"senderSigningKey":{"public":"BVK6UpjcqkG4hRFjUZMc5Dz9L+dZSUm1uWBupC9AyuYx"},"senderMessageKeys":[]},{"senderKeyId":1295172643,"senderChainKey":{"iteration":0,"seed":"7qYF3+U1rpMRsQuClj1Af2yI5vqA+8uZ6zRtEECqKcg="},"senderSigningKey":{"public":"Bf0rzP+zen/cGj3nTlghTsmBewBlGl0TkKCrAz/+VVRd"}}]