[{"senderKeyId":1299268779,"senderChainKey":{"iteration":79,"seed":"xLv0b4a4MC0p6Ch55GmeCX2I/Xe6Omp5fEZf5bYfp1c="},"senderSigningKey":{"public":"BeE5Rmcyb1JWCMRWrBzzUkLIIcuiZciTWo6SFfFL2+td"},"senderMessageKeys":[]},{"senderKeyId":1527839140,"senderChainKey":{"iteration":3,"seed":"UeW/IyDCmxue65+Uj0ejGlsIZb3Ek1tlsh5u3P8HsMk="},"senderSigningKey":{"public":"BaGQb4qXvqSYERDBWAx7Oexx1NDshvWIN7V9hgo4WUda"},"senderMessageKeys":[]},{"senderKeyId":1527839140,"senderChainKey":{"iteration":2,"seed":"zCikdHJ12SpRW3G+fnrv0b4raf6+6iitJPAA9QLw7bI="},"senderSigningKey":{"public":"BaGQb4qXvqSYERDBWAx7Oexx1NDshvWIN7V9hgo4WUda"},"senderMessageKeys":[]},{"senderKeyId":678355729,"senderChainKey":{"iteration":15,"seed":"lRPvJwSoZotn4wTOetbgvXrieeRlxV0Op27A14YdPmo="},"senderSigningKey":{"public":"BQg8Yc1KuEQc93cmbw8ScON5JPESSlqnofj6lNHUxzlJ"},"senderMessageKeys":[]},{"senderKeyId":1105133761,"senderChainKey":{"iteration":4,"seed":"zfzAhdzH/imQLYmdCOSmse6HoONeCEy6mxjwBPcfx9s="},"senderSigningKey":{"public":"BZI8k4ubtEQdfXPUXQBWaDp1TxjpETSj7Ddc45RoB3o8"},"senderMessageKeys":[]}]