[{"senderKeyId":1601129886,"senderChainKey":{"iteration":0,"seed":"VJ3eZGIVikmXs7mrjZ82dBi9JfpLeOl60/et9IqsW2s="},"senderSigningKey":{"public":"BfjFJV1SY+HvNH8qpTtFV2GL/Mpjy2rCn6wnb8t1BsET"},"senderMessageKeys":[]},{"senderKeyId":181727911,"senderChainKey":{"iteration":0,"seed":"bqKpyc79vjQT1cH5YiucqkVUD8Om9Q17KKdyzkX5CfM="},"senderSigningKey":{"public":"BVHJcIrgv1YgEzY/HSt+J+Usi1t3D8+wAU7GVqJVoV4N"},"senderMessageKeys":[]},{"senderKeyId":1301540839,"senderChainKey":{"iteration":0,"seed":"qZRcRJKSMiq/30fEt9FqwNKgUwo/I1aexN/s44LEcu0="},"senderSigningKey":{"public":"BUfVKS1R8xcpO5iUatQdC0ymFgQG/dJTWMyo8S7Oth1X"}}]