[{"senderKeyId":1401283102,"senderChainKey":{"iteration":0,"seed":"vKebMhxVEpYItziUspZcyplRB1LzELd9rRZQNiVchic="},"senderSigningKey":{"public":"BYOpocz6V9I3RTdWTPmbyZF4tbwOu/Ge/4pcTEcCXWt0"},"senderMessageKeys":[]},{"senderKeyId":1534127672,"senderChainKey":{"iteration":0,"seed":"sPyJ4PuCKuCbBew+Fu6Iae3LVy0+E/uJj0equawpQwQ="},"senderSigningKey":{"public":"BZkNfKC87I8258HX8PrrP82TLEL/KIxMFD8Xknbu5yVw"},"senderMessageKeys":[]},{"senderKeyId":270752225,"senderChainKey":{"iteration":0,"seed":"y2uVIPjp2QKOYiIqOEycm2FXkrlLgo/asRevvNTgcLc="},"senderSigningKey":{"public":"BajYR968AOHvliNEo70bSiCa1OQGkYaSdyiBr90DqUhp"},"senderMessageKeys":[]},{"senderKeyId":2069699367,"senderChainKey":{"iteration":0,"seed":"LT33lvSs8KVASatFKYUFyCkoeTbuz0gglQlfhd0UfGI="},"senderSigningKey":{"public":"BW9RNGwZ23wjR6D0vBzpqXt+pKKG+yRoRe3pnFJMcuEy"},"senderMessageKeys":[]},{"senderKeyId":1808118279,"senderChainKey":{"iteration":0,"seed":"nxhxlXvk7dDPrb0/vWxPh/8bhBVVAOeuKm/JDqmRbqw="},"senderSigningKey":{"public":"BUoJwvHebsf21vdOXPU5uw2AacUOGb7QTPumHxI6jz5a"}}]