[{"senderKeyId":1740395442,"senderChainKey":{"iteration":1,"seed":"bmkQUYEw7qJ4P4/cOQ6qF0YEtQZoAODe9v8ELjYvSBM="},"senderSigningKey":{"public":"BXhwXsG8iZ7R0LsHF0ckVfYMKxPxWT0ZhYdYdzD60EMK"},"senderMessageKeys":[]},{"senderKeyId":78264020,"senderChainKey":{"iteration":1,"seed":"d60c5JsORV4YJRQar7+Gl3hBo8V+S+8a4469zNAhZSQ="},"senderSigningKey":{"public":"BQZaP2H9D0PFUW9RD/Z58NNzB+s0asmfq6BmP2NPK496"},"senderMessageKeys":[]},{"senderKeyId":1747960139,"senderChainKey":{"iteration":1,"seed":"okolKzUrvdE45yumlSo1IafAJWLC6i/5VK3kp42yZKA="},"senderSigningKey":{"public":"BYx2qdvMmBxrTZY2dwjieUvjQOlv7brHO1QYk1JZ0OdX"},"senderMessageKeys":[]},{"senderKeyId":1990915704,"senderChainKey":{"iteration":1,"seed":"kE0laEsYsFUqJaSDu5L6o9XBZcmV5sA7gMeknVAwdGA="},"senderSigningKey":{"public":"BUjqMUtyZCh3SuwYiBT57Tri3Hnp23Vkrs5ItfHByAgO"},"senderMessageKeys":[]},{"senderKeyId":183182347,"senderChainKey":{"iteration":1,"seed":"j2YxgO086arMGavP6tjkzMu+a8VuolpFPUIma2HlGhQ="},"senderSigningKey":{"public":"BeaTm/MbHq8xhBW042xsr3Hq/1YMHBhGUebmCVs9FNwX"},"senderMessageKeys":[]}]