[{"senderKeyId":203349101,"senderChainKey":{"iteration":0,"seed":"iYR5DLzit9qhyMD83F4AwADP0BE+DOsvxq9KzlWByD4="},"senderSigningKey":{"public":"BQzcCDrVbS3ixPwGhMFI4PckEJuGIfvHg8OWXGkp3eB1"},"senderMessageKeys":[]},{"senderKeyId":850127729,"senderChainKey":{"iteration":1,"seed":"lcsApx1Zp637IcyOPy7ASc01i3qrekf8zq4evvUlho8="},"senderSigningKey":{"public":"BY+9cSH986SCTG8rnyiIjH0sCdU3a+G7OjJ/RWmi3YhW"},"senderMessageKeys":[]},{"senderKeyId":1237116943,"senderChainKey":{"iteration":0,"seed":"LrkYk/Tl8oHkiK8/wDWh/FsoV7nInvDhRsm8bMGRmY8="},"senderSigningKey":{"public":"Beox8xixyJbeMethcS0ZPh/aJtA8W7mZSIrApNkiJ5IO"},"senderMessageKeys":[]},{"senderKeyId":894855304,"senderChainKey":{"iteration":0,"seed":"M6avj0zA30fCSxFphDHpiWvxjf3aSKyLso03OgVnoyg="},"senderSigningKey":{"public":"BS6SjNbzESs15yFxgwpWpZFhIEK+XwLNCEwUUgDzmcRS"},"senderMessageKeys":[]},{"senderKeyId":213458361,"senderChainKey":{"iteration":0,"seed":"FVP/J3l00S4EAvFRrUUCyGV3WYbVkBMGFgT+VUck6PU="},"senderSigningKey":{"public":"BYJ+Wv9Cu4D6DGciFU7QU8dpgUrYVrD3FZrOVdFWRC5X"}}]