[{"senderKeyId":2069445543,"senderChainKey":{"iteration":7,"seed":"djhkDDdQCduQhXdBj6OfMC91chs8t3YA3CYTC3p4nWY="},"senderSigningKey":{"public":"BShJ7Nr+r/gg9uwCSHo4zePHci9gRs2DmqhC4WhexckN"},"senderMessageKeys":[]},{"senderKeyId":11982139,"senderChainKey":{"iteration":2,"seed":"rk65x35aCcnqP3P4/45x2ApzJsNUmtVOBl11LfrwAaM="},"senderSigningKey":{"public":"Bc9cm7Gn/Nx7UpMExIeBCjOkqayt92fWM3O/27I+n5k2"},"senderMessageKeys":[]},{"senderKeyId":1048820533,"senderChainKey":{"iteration":5,"seed":"IMJAI5kx9m9EQR9PRzYHTHsoqSX9EocmipTNC5fo49I="},"senderSigningKey":{"public":"BfQ8Wa+ECUKD4jGM4sN9IVoxTpD6nO39hj2X2o5mbE88"},"senderMessageKeys":[]}]