[{"senderKeyId":729294625,"senderChainKey":{"iteration":0,"seed":"+FXFmcW5xIsPANc2DGkyCvPijSP2HTZslpdlGo9DVmM="},"senderSigningKey":{"public":"BaNem1imSRlANhZK1GE3SyK1UnHFcn8+at4648U4vm9D"},"senderMessageKeys":[]},{"senderKeyId":1237052782,"senderChainKey":{"iteration":0,"seed":"Q7+Si0rcIybB+hwC5LJFxmAY6R/zBkQ1oDnLI416qdc="},"senderSigningKey":{"public":"BT/0BmgGKg4ZVVzkDVwIRGn8DIZRN+hwQC28JZdPS9ci"},"senderMessageKeys":[]},{"senderKeyId":1888477122,"senderChainKey":{"iteration":0,"seed":"uS+GOBaGJrG4KdIcpVze7OFQXEfqD+Qz57et8/moCNU="},"senderSigningKey":{"public":"BR7UV8KeVBN00AnOj8k4kDqIpjqDrrzNiflJnErTFd4C"},"senderMessageKeys":[]},{"senderKeyId":2137042884,"senderChainKey":{"iteration":0,"seed":"5G1jIRyJgY6P/LrR9Cnt5uAejb5+ddid61aXwVt8btk="},"senderSigningKey":{"public":"BQaJTm4LM7SbFKXRbv0CdcLw9tyWU4fNrISwzpRIY7QV"},"senderMessageKeys":[]},{"senderKeyId":61830906,"senderChainKey":{"iteration":0,"seed":"ssR7cDYQwbNQwFYqKM+z72ZLOWD5X7xKCq+92DTM/SM="},"senderSigningKey":{"public":"BfOTnl9hToHXudih858cSwBXb+DVZ6pBHBUeZoO8PzM5"}}]