[{"senderKeyId":1669810920,"senderChainKey":{"iteration":0,"seed":"vVngmh3maqg4UOcx5d3FcKXUUwoChRBBr0OYuy/5bck="},"senderSigningKey":{"public":"BSX271KEpQRjj9eMBYrocSaymOMa49+jEUe8kBHAL+BV"},"senderMessageKeys":[]},{"senderKeyId":25210395,"senderChainKey":{"iteration":0,"seed":"BDtZHHbmCzhwwCYolzNMHtzM5IgKoXV3SPb//XTT3PI="},"senderSigningKey":{"public":"Be2FeePVNzrMqFOe0Yd1/iXusZyGaQyUL+Tdr6uBvj90"},"senderMessageKeys":[]},{"senderKeyId":147748291,"senderChainKey":{"iteration":0,"seed":"pvTTKmQRMTUDdGsdb/nyEfkK4fLnTi5tY4cSkdCaXao="},"senderSigningKey":{"public":"Bdgcg4cQh6gEHJMgzahPKSu0M6K0KAvmUG83wZeSfVRO"}}]