[{"senderKeyId":592039037,"senderChainKey":{"iteration":8,"seed":"2yNgpEPx9+4jgTqf3BVVkU8d2U6DGJ/jF3YDOtUaABA="},"senderSigningKey":{"public":"BYTA5b5OZDuWt7/rDzp6lGweTFD1MK9e5iDHKYJ/z6UB"},"senderMessageKeys":[]},{"senderKeyId":1129837808,"senderChainKey":{"iteration":0,"seed":"mH+6TwDvEZdlDE2vnzryWbjWsz9JwJLuYbhgt/Hsn1Q="},"senderSigningKey":{"public":"BdpF+kFclwC8Z1J3IxRmHbtB4qit+aeEAO4Af4b40jBF"},"senderMessageKeys":[]},{"senderKeyId":174978894,"senderChainKey":{"iteration":0,"seed":"EuoLVQ+tlTqQjEM8HlG8Ev5kO65GQVxI7qf55/JEMbk="},"senderSigningKey":{"public":"BemabG7KtpXOq0TqU1+kobgcWAnwNqc3leZDCPhwGOZV"},"senderMessageKeys":[]},{"senderKeyId":1862911212,"senderChainKey":{"iteration":0,"seed":"UyHI25lbovKusOGe7Gn+lFoeTk+eMol4Q9+/b9P7ptk="},"senderSigningKey":{"public":"BfT6y88f53liDGu9dmOfSocWi9fmExfBBuU0C4xwjjc5"},"senderMessageKeys":[]},{"senderKeyId":1447828106,"senderChainKey":{"iteration":0,"seed":"xkokh1NYIKuqHGIdiRDlxfXs1dFqVB7ob0Xg/92sL2g="},"senderSigningKey":{"public":"BWh4JztoZwvNSvq8k4OPvrvSVkpeiJ2AGvmIsd/xSS1n"}}]