[{"senderKeyId":1811666672,"senderChainKey":{"iteration":95,"seed":"ZJISLRquvBqma47o1W1/VZhSVH5Hh95fx1v82GEe2TM="},"senderSigningKey":{"public":"BfClV3NFd98ca0psZiUZtFV5k1PPQb9JcwICmfg7ulJc"},"senderMessageKeys":[{},{},{},{},{},{},{},{},{},{},{},{},{},{},{},{},{},{},{},{},{},{}]},{"senderKeyId":1811666672,"senderChainKey":{"iteration":71,"seed":"xWoOqZtO3gyAI2MpLIzSsd0oj3ya9y7xjzoK8zDr2n0="},"senderSigningKey":{"public":"BfClV3NFd98ca0psZiUZtFV5k1PPQb9JcwICmfg7ulJc"},"senderMessageKeys":[]},{"senderKeyId":1811666672,"senderChainKey":{"iteration":74,"seed":"R2v4Ldcgq7mNy+aO+wiqWdoEN/OiaByvudqE9s5znWU="},"senderSigningKey":{"public":"BfClV3NFd98ca0psZiUZtFV5k1PPQb9JcwICmfg7ulJc"},"senderMessageKeys":[]},{"senderKeyId":1811666672,"senderChainKey":{"iteration":84,"seed":"6E01iM1J5eFwpzqcjIFQKZRhYKWMG6mEiWpsF4KrRd4="},"senderSigningKey":{"public":"BfClV3NFd98ca0psZiUZtFV5k1PPQb9JcwICmfg7ulJc"},"senderMessageKeys":[]},{"senderKeyId":1811666672,"senderChainKey":{"iteration":90,"seed":"zuJYo7JL14EO0YQwmmqkpElLu3dc+ysDHcTVCKGQqS4="},"senderSigningKey":{"public":"BfClV3NFd98ca0psZiUZtFV5k1PPQb9JcwICmfg7ulJc"},"senderMessageKeys":[]}]