[{"senderKeyId":388036244,"senderChainKey":{"iteration":1,"seed":"ZlQwnriZ9z3RZ5I1d9Ogjil9a38wko1vvkP9G4cd8/g="},"senderSigningKey":{"public":"Bc5cHKP/CeOp6Zj5I97QF2LNmQrECwy6vrskStWAvvhO"},"senderMessageKeys":[]},{"senderKeyId":1208038178,"senderChainKey":{"iteration":5,"seed":"koNQWtHKqH48d8jQ/PBvyQ8xYFxTU8Jtu95olUlbvPg="},"senderSigningKey":{"public":"BUi3VYN52fxL/Uk9cxeo/alNM17hHxz6fdcIjalAABdi"},"senderMessageKeys":[]},{"senderKeyId":1917839074,"senderChainKey":{"iteration":8,"seed":"Udeia07F+vfmuBcvT5ASewQwKd4NHLGb1q8rJ9f5LyM="},"senderSigningKey":{"public":"BYE2N6fuPDMgzACYkEbX6YFxat8KwFCcFctrs4Yv3/ge"},"senderMessageKeys":[]},{"senderKeyId":1239314331,"senderChainKey":{"iteration":3,"seed":"Pc8ZnzvMLcfO0iEj77jZN+qaphRenoH5+K6/oh75wlk="},"senderSigningKey":{"public":"BQGxwNRVUR9XLUWN00cue8MZRQxC8OWDyDXZ5BAdT+FY"},"senderMessageKeys":[]},{"senderKeyId":1590915781,"senderChainKey":{"iteration":9,"seed":"pYUJPAjJuyfd070uni3adDFYtIbbL9bMMovAcn0+pBc="},"senderSigningKey":{"public":"BcDr/vhBQUGF36CwNFUUb+BbosUzITWJZRcCvaw+E7cn"},"senderMessageKeys":[]}]