[{"senderKeyId":790508026,"senderChainKey":{"iteration":6,"seed":"DVzA1qvTwxdGz27RFlXc8uPVlC41UBsBEWxxT1fX6ZI="},"senderSigningKey":{"public":"Bdk93Gh7+oUGdDhR3581Lqd+QkV/rwXcLW1ysxNg6yYF"},"senderMessageKeys":[]},{"senderKeyId":1153514750,"senderChainKey":{"iteration":0,"seed":"qINc62ttGYfqZef2tLv90z1wDOBI+8LDTB+Can0Xxfk="},"senderSigningKey":{"public":"BaCpLZ8LVGI8QcmdLQgDYj1/FG3HFw2Tp1Vi1yH1Aupq"},"senderMessageKeys":[]},{"senderKeyId":516526477,"senderChainKey":{"iteration":0,"seed":"SshpOd7cLjrWdimbAgwKTj58BbYaQZAXAXrasua+2Kg="},"senderSigningKey":{"public":"BciftLDFISUwmqVzRyq3RYuWUYwC+NgcovKs396S/D89"},"senderMessageKeys":[]},{"senderKeyId":1655965319,"senderChainKey":{"iteration":0,"seed":"eNC/egz7pgT8gJTOddif8d+75Qj2sAvoZLTCJvtvpRE="},"senderSigningKey":{"public":"BaIjSBVqNgpdB3LIt5E13ymQbDn1KTx8x6hd56LMVHU1"},"senderMessageKeys":[]},{"senderKeyId":191812294,"senderChainKey":{"iteration":0,"seed":"it2qtt3yWVZrpyVfXrVLJ76adpjmf/9vzURvsCUiRjY="},"senderSigningKey":{"public":"Beom/9ocp2O+fooMyJkx/zMGHD8ggqhk8nhpGi+oxfpN"}}]