[{"senderKeyId":972365264,"senderChainKey":{"iteration":15,"seed":"9dNEmBahqlmRQX8eBDmAlZAOOK7B7vGzEvVK2nGIUQQ="},"senderSigningKey":{"public":"BYBNtPzDMWhdsdKSIbGsU9MgiAlt42xWQJ0TOz3I2GtP"},"senderMessageKeys":[]},{"senderKeyId":1475039172,"senderChainKey":{"iteration":2,"seed":"mrCZrcsnc7cBXpxqDzOsRcpTdh9GUufV2jnlB0m1EHs="},"senderSigningKey":{"public":"Bd/5yHJIMGs6XM7BuSbhuk5vUzlB93wPuQSgYxWzLP9C"},"senderMessageKeys":[]},{"senderKeyId":1475039172,"senderChainKey":{"iteration":1,"seed":"z3s070bL+NUjtaBifbfSiOEr7haSCv6gwgNQsPXNyr0="},"senderSigningKey":{"public":"Bd/5yHJIMGs6XM7BuSbhuk5vUzlB93wPuQSgYxWzLP9C"},"senderMessageKeys":[]},{"senderKeyId":1106427247,"senderChainKey":{"iteration":4,"seed":"n0DJ3hjLzbaC61dzyKZ6+AahV4A1qVMfYKM2z48KE7s="},"senderSigningKey":{"public":"BfePSr9fcMVeIK9ihiqYoLIQXgp4hViUeD1Ajt5DCw8k"},"senderMessageKeys":[]}]