[{"senderKeyId":1314879903,"senderChainKey":{"iteration":0,"seed":"GEHcd4mkymDJVWDOQWB/RItHoejhkSlrRdJQWJZz9TA="},"senderSigningKey":{"public":"BR0BQkenou3VlFtcVINPTOwpH4xdksopu853/fpLDQ5A"},"senderMessageKeys":[]},{"senderKeyId":957948031,"senderChainKey":{"iteration":0,"seed":"8AKKCSls+/IdpX36TNKBDnfP4V4Yzf2HH7IDwmg8OIU="},"senderSigningKey":{"public":"BTpTXHj1lhBsJBUQcsYo5PZRkIy6TvamASRZsoT/rFtJ"},"senderMessageKeys":[]},{"senderKeyId":1097383551,"senderChainKey":{"iteration":0,"seed":"4vwQTkmDjemZOkmfLP3F08MRg/6oP3kStze8jWI7nUY="},"senderSigningKey":{"public":"BWYhBQImRnSbzmdZVoOMgxsgO7colIMlj77KQ9clRnFW"},"senderMessageKeys":[]},{"senderKeyId":802674045,"senderChainKey":{"iteration":0,"seed":"gB4XpsNcFcSh1G1jv7s50DqXANs02ZJ+nvxosJG6V4k="},"senderSigningKey":{"public":"BSLN6lEVfhwuqn85dn98ZoH1YIQuNwtIiN/BhciD7SB3"},"senderMessageKeys":[]},{"senderKeyId":1403721749,"senderChainKey":{"iteration":0,"seed":"DVMIsoys78SEKA72gZQgnP4KlMHagYumqgrRbIFmwPo="},"senderSigningKey":{"public":"BUkgCnsreTF9dEdaDaqFDffTLv/sNiBCNFpwWw6w3+dZ"}}]