[{"senderKeyId":1269449243,"senderChainKey":{"iteration":14,"seed":"MXZLXOjX8mZ5SGAjKuJN9H72E7Vw/kGHojAEGwKjxJk="},"senderSigningKey":{"public":"BfJOIPhKjYcyf6dt+Px390hawaR/De6mLXddgb9mPrIM"},"senderMessageKeys":[]},{"senderKeyId":827331409,"senderChainKey":{"iteration":33,"seed":"1MCPC9bps9TREzwP3GRMf7qFTGa/upRzsLttFHad6Us="},"senderSigningKey":{"public":"Ba7KmdDVHBE2UnA7Bo6xMBy+DhDrZ1lhJhGctKRjN8AT"},"senderMessageKeys":[]},{"senderKeyId":2122812367,"senderChainKey":{"iteration":2,"seed":"CQxSTnSAVfjZqFgoTvLdyubmieLNYhTCT9utl02IaY4="},"senderSigningKey":{"public":"Bf8Qx1LZZmN1GskuhvRud0JeIkpWZ0O+O75ibaxeaJUL"},"senderMessageKeys":[]}]