[{"senderKeyId":1747757905,"senderChainKey":{"iteration":0,"seed":"7WeISFA++JZbBEE/5kAFStTeaDrUp8NBNBYON1Q7NbA="},"senderSigningKey":{"public":"Ba8uajTOQmFSP5RHBc/aei7HE3+YR5A+4bxIgg6/OS0o"},"senderMessageKeys":[]},{"senderKeyId":1747757905,"senderChainKey":{"iteration":0,"seed":"7WeISFA++JZbBEE/5kAFStTeaDrUp8NBNBYON1Q7NbA="},"senderSigningKey":{"public":"Ba8uajTOQmFSP5RHBc/aei7HE3+YR5A+4bxIgg6/OS0o"},"senderMessageKeys":[]},{"senderKeyId":649288343,"senderChainKey":{"iteration":0,"seed":"1J0tV28uHuR3qzVM1t7aYiWYwr9TnmqHFs5Nn22yVus="},"senderSigningKey":{"public":"BZp8w0eLam745GkJ4r3Fbzk5fC9e0U1jTWDUx9VBsx4Y"},"senderMessageKeys":[]},{"senderKeyId":1330311625,"senderChainKey":{"iteration":0,"seed":"CCqgTSYxf4teEzbiHrzHTOwyT7dNsW62n8Q+9ja1OMw="},"senderSigningKey":{"public":"BSqnWWhNJ/yTO6R+1b3Y9mY/N1hZ5yBBsgjk39sJCCkL"},"senderMessageKeys":[]},{"senderKeyId":1368742556,"senderChainKey":{"iteration":0,"seed":"I255QCLJFT7tBVUmqk1FZRL6UW7x8oosBDWdV0nLe6c="},"senderSigningKey":{"public":"BUKkVtisEJ0fQgNCfG0aaplfmeHGZsvQDPucjjSkI5pW"}}]