[{"senderKeyId":257754481,"senderChainKey":{"iteration":71,"seed":"Ut1p4iq//fdpLU4IbdW3q0i+AIaBmz1xp4+D5WSY7UA="},"senderSigningKey":{"public":"Bb6oOsWrkGFKInnl6EwosWDY7hMuTi6FQW6g9+OAViJo"},"senderMessageKeys":[{"iteration":5,"seed":"wCsH5PPtQyixt1L/9AzEvd53w2N3SId8yh8ySlPLO98="},{},{},{},{},{},{},{},{},{},{},{},{},{},{},{},{},{},{},{},{},{},{},{},{},{},{},{},{},{},{},{},{}]},{"senderKeyId":257754481,"senderChainKey":{"iteration":9,"seed":"XfrM03B68+9GpLKZhURQZYV5PZ6OMHlU0MyRWl7ncs0="},"senderSigningKey":{"public":"Bb6oOsWrkGFKInnl6EwosWDY7hMuTi6FQW6g9+OAViJo"},"senderMessageKeys":[]},{"senderKeyId":257754481,"senderChainKey":{"iteration":53,"seed":"edwgra5108UyHgvJDUeFiEs7AmMapYbsjomol9uUZSs="},"senderSigningKey":{"public":"Bb6oOsWrkGFKInnl6EwosWDY7hMuTi6FQW6g9+OAViJo"},"senderMessageKeys":[]}]