[{"senderKeyId":1594429068,"senderChainKey":{"iteration":0,"seed":"m03QGsmTHsC203D1/erL8rp9IpL0WOV7gnwbZwCyk/Q="},"senderSigningKey":{"public":"BUC9S3zwwzqCn+GVMmFYtSNi2jVWyyUDEe8PhebMg7BP"},"senderMessageKeys":[]},{"senderKeyId":33138971,"senderChainKey":{"iteration":0,"seed":"kU7pyJe+VDovy0bePW6Q74P7ggZeQ+OGgqto5Ss/FJs="},"senderSigningKey":{"public":"BcKVQFrNeqUCmYF6k0U7WbPP4iAhXxKjDclBGMAgc3Jt"},"senderMessageKeys":[]},{"senderKeyId":858424864,"senderChainKey":{"iteration":0,"seed":"3Eoud2bab/4Dj7bST30a2J5b4sSHOC1o2FaOGseWT8Q="},"senderSigningKey":{"public":"BfwInP//EaY5AjCxpQPCmeTsES3pZzVD8Mg4pwNxF0UB"},"senderMessageKeys":[]},{"senderKeyId":1918912983,"senderChainKey":{"iteration":0,"seed":"mF861lCK3kCvn+ZIfFJwJ1vuWdXSMsHhCgsAYV5DdE8="},"senderSigningKey":{"public":"BWEBcAqj1XI9DrAMnl5tdMZ+ZCQGauB6NNZZh6QJZAF3"},"senderMessageKeys":[]},{"senderKeyId":1776927425,"senderChainKey":{"iteration":0,"seed":"21VTXVuISZioV3mDc8GPpOpkBDzvh+9E7LvSGInmv4Y="},"senderSigningKey":{"public":"BWesk5jLSi1QhrLAX1WA6Ni601OCw4gGQt43UXGAqS9X"}}]