[{"senderKeyId":208569923,"senderChainKey":{"iteration":0,"seed":"M0hmSxji5GUAo64TrNxaB2YvMFxYkFdI1igeZkFE980="},"senderSigningKey":{"public":"BS/DAxC3uxq77astuc/S8f7Wa9RkNsqepdzR/93Qk9xv"},"senderMessageKeys":[]},{"senderKeyId":817120222,"senderChainKey":{"iteration":0,"seed":"iCrnL+Mm1zplZxeiTZ4vgwme3cGwqDNkBX1JzByPZs8="},"senderSigningKey":{"public":"BTKEjmyQNrr81ge96Qksv/xXazgkOoDZDATRKZRHHK4Y"},"senderMessageKeys":[]},{"senderKeyId":958990751,"senderChainKey":{"iteration":0,"seed":"uh0euvwjzTKlbrzCTZOY0a13BKknArioZeciCfGSICI="},"senderSigningKey":{"public":"BYF2F32S5YeqLjCZvpqpRk+2/ZSRcDXvD1BxazmzsC0B"},"senderMessageKeys":[]},{"senderKeyId":1057841977,"senderChainKey":{"iteration":0,"seed":"3R1UXPrabL+Tkn6bsinFZ5f143/5ausH+St4h2fs2W4="},"senderSigningKey":{"public":"BVpgKCSKuSWgs3xcPOpOBoFuuzq+c2WfBsJ7b9IMPOhA"},"senderMessageKeys":[]},{"senderKeyId":692263402,"senderChainKey":{"iteration":0,"seed":"K+2YGyMULofe2Avkuqr0ZVRTSz4uw4WD6MIBLtG1unk="},"senderSigningKey":{"public":"BdkO0jQfWWYsldN3voZrvU9VfQ9QevjrajiBJql/Xw0+"}}]