[{"senderKeyId":742671921,"senderChainKey":{"iteration":0,"seed":"XThWf4JtmXxx4m582YzVTQ9D1scMr5MwGZJJS5JNP8Q="},"senderSigningKey":{"public":"BTkBv0+dn0u6bRljrbxGJh/nN+sLcLlNMvPHCew0mGQv"},"senderMessageKeys":[]},{"senderKeyId":2130886704,"senderChainKey":{"iteration":0,"seed":"QEBNQZqYqCAqMfS7UJQjr5mQPVR/hp/s9LNJKTVC744="},"senderSigningKey":{"public":"BT5v4sz42F/2Uopqd6jGgi44mY3riCDyAoTgNK8v8vU4"},"senderMessageKeys":[]},{"senderKeyId":286344664,"senderChainKey":{"iteration":0,"seed":"GK8CLohvMNTNsaUFvstUTLzkPjYYGTdlIza5YTqo1zw="},"senderSigningKey":{"public":"BfuMgNqlT9zDM2bM0sVq/z0MzJ/O+Ys3N4M6GV3J0pFn"},"senderMessageKeys":[]},{"senderKeyId":701797032,"senderChainKey":{"iteration":0,"seed":"SQrJ6su4xKCSAE4Qc3NzvOekFbDgVeKc7Prwzj5w3SQ="},"senderSigningKey":{"public":"Behfxq6GZnSHdZN+OnFh47/BaAsDsP5z96uSsarlljpO"},"senderMessageKeys":[]},{"senderKeyId":1242333268,"senderChainKey":{"iteration":0,"seed":"WCodsi11bW7Tx/niCtIRI3yvD9ascQsZff2VJP/lIeU="},"senderSigningKey":{"public":"BY1OxJRhs03iqktkgnKvHLRtp2qoHd99iWvxUtiK7v1V"}}]