[{"senderKeyId":1804671334,"senderChainKey":{"iteration":0,"seed":"/wTX7Oun77FdyD+2zRq0nXngaGeBP4I0ehL7UGUv3Vw="},"senderSigningKey":{"public":"BXPjusK45/UqQCC2jvcEys7+lYCz894+7xsiiTnD18s3"},"senderMessageKeys":[]},{"senderKeyId":387020698,"senderChainKey":{"iteration":1,"seed":"8nWcpCifZlPS45liIcY03RzogZ3ICcxAw2S5i6atXHc="},"senderSigningKey":{"public":"BaM9UxMuExo1gG/WZ0mSorZraNDwK7dgcNNAsH/FaGx9"},"senderMessageKeys":[]},{"senderKeyId":1350858238,"senderChainKey":{"iteration":0,"seed":"yjySliXhcwSp7yKIJIKxA6lFd7xy01ePKtSkJmFxfbs="},"senderSigningKey":{"public":"BSDxzZHemSLxG7yKC35bJkXe3AUkksX9EHPFMB+Yo1Ma"},"senderMessageKeys":[]},{"senderKeyId":117880162,"senderChainKey":{"iteration":1,"seed":"072y0dXafElw18Eu8t6Z1P1PYF8CU0wMt7cFCyrzdiA="},"senderSigningKey":{"public":"BRPjW0702YEDD9v2TXXUF9D2h+DTpDwjLSXV/jRYQ4gX"},"senderMessageKeys":[]},{"senderKeyId":1955732698,"senderChainKey":{"iteration":1,"seed":"Cb4ZQsRVummSu4XuNE0JjFcKn9MFc1XvEF5zYsAbuGw="},"senderSigningKey":{"public":"BVUfZb+45BVTN1WzeK27uoQoUBdbbuDTH+3TUtOOmn4O"},"senderMessageKeys":[]}]