[{"senderKeyId":79929300,"senderChainKey":{"iteration":10,"seed":"suZ5DMTRpBlw0A36fyBJaPYb3UT3RW3wpK3PDlFPQLg="},"senderSigningKey":{"public":"Bb+8JqDm+cRCIQlNB57JoNxZb7XHy34wJb5f//k8YN5U"},"senderMessageKeys":[]},{"senderKeyId":1625770146,"senderChainKey":{"iteration":4,"seed":"P1cToqZQkqS3m0H58XJ5FEfjtJiJUw/BFwbPs0BqTXM="},"senderSigningKey":{"public":"BXCfPpQe6q4dANIOF0Tjr9IRLt6y8z6s/w6FEjlXMHEs"},"senderMessageKeys":[]},{"senderKeyId":287310191,"senderChainKey":{"iteration":1,"seed":"xGUUDop8uFWMCRpZ/sC64CruTgQTYjHIN2SL+mqJ/nU="},"senderSigningKey":{"public":"BU8h69FwrkxFClw/X2enz43MOBnl8FRq8hFsivXNrYIC"},"senderMessageKeys":[]},{"senderKeyId":1886206559,"senderChainKey":{"iteration":1,"seed":"LDYYQx9HyQ2CKmF1GZWINDESyebcZqwhm/hkwv/iRXE="},"senderSigningKey":{"public":"BexdD4y876JlOTBeyycsMVFRVB2nACPPWWiTPnGQI8cX"},"senderMessageKeys":[]},{"senderKeyId":1202831024,"senderChainKey":{"iteration":4,"seed":"Kru21xVF4XXpaQ0NdBh0o5oAxGjg35In2ZxQdUEaJFk="},"senderSigningKey":{"public":"BbnBusxmlNWnbywGHdmDNrfkWifSSwb9mgT2sPrHWnVo"},"senderMessageKeys":[]}]