[{"senderKeyId":1276834264,"senderChainKey":{"iteration":109,"seed":"gVayd35N5bTnr8Mvxz81MNWP9jtkJNBuZkQxszmL9IE="},"senderSigningKey":{"public":"BXj2Iz9zV/F0Sddd7UHnQ4SiXTLrx0RnwMC0ylr09DtR","private":"gH93vOkh5zkhCrTymZQRLeCWU4lgRvRG5c4+g5d2q2U="},"senderMessageKeys":[{"iteration":1,"seed":"CJ296zrgnwMSpd0fjFHcAb8XfM9omRdyIWVz42V6Yng="},{},{},{},{},{},{},{},{},{},{},{},{},{},{},{},{},{},{},{},{},{},{},{},{},{},{},{},{},{},{},{},{},{},{},{},{},{},{},{},{},{},{},{},{},{},{},{},{},{},{},{},{},{}]}]