[{"senderKeyId":699739328,"senderChainKey":{"iteration":0,"seed":"6CMtMmbTMGN5MHFG1jhF2mg58GBB9JjVMxAW/6GWgms="},"senderSigningKey":{"public":"BQM7CBFnKqVe5yAAwASepD3mwyDQ8ngTfN11fwS5MzUZ"},"senderMessageKeys":[]},{"senderKeyId":1677559912,"senderChainKey":{"iteration":0,"seed":"9pg+4uvJjc9WeAKd9Q/on/p6B7eSoXkxeWPQpOdM16g="},"senderSigningKey":{"public":"BYqgzrxvbcZZp9NrGsBgKCynQEFKe0QX81FdO9RpxZsr"},"senderMessageKeys":[]},{"senderKeyId":613975623,"senderChainKey":{"iteration":0,"seed":"ihYD5QBuTUwLIf1hDS1shmLIT9JS7iW7T6L/xLw/vZE="},"senderSigningKey":{"public":"BXnDU2S4erGyOhGByzNOU73Bfj3s3SZSsplJLXAp7yNS"},"senderMessageKeys":[]},{"senderKeyId":449942416,"senderChainKey":{"iteration":0,"seed":"hhwzZSTL7RYORUouWokHnTzDDxzpykQx+nsqFODTRtw="},"senderSigningKey":{"public":"BRy+/rKapuU9H+7rmyOtj0TzkR0OF4f0W5Ey1GvIc3Ez"},"senderMessageKeys":[]},{"senderKeyId":1458428783,"senderChainKey":{"iteration":0,"seed":"Jjx1Sr3zXsPHiDbwJ48fy3hUgycyywtXLS2VtVnfdN4="},"senderSigningKey":{"public":"Ba0tCDCRcHPzPusGEaAQTgaP9owHoD3Pc52iPS72aI0U"}}]