[{"senderKeyId":1455707752,"senderChainKey":{"iteration":2,"seed":"6RaUwvPFx3PTx4WtThPA/ue+Z2CekliVT6TabqyKeZo="},"senderSigningKey":{"public":"BeIrQKQ6PDn6FRLfho9LYbzi3BiYgwBXd1VsJs9esLFB"},"senderMessageKeys":[]},{"senderKeyId":1942684673,"senderChainKey":{"iteration":1,"seed":"ugSOFsDwx1W4pHMi4t8eKbgKYbWDjwzGWITih6XD+yw="},"senderSigningKey":{"public":"BSkKvIkler9Zp3759UntJ8yMBvKnfnaitniIVaayhq4H"},"senderMessageKeys":[]},{"senderKeyId":1189930669,"senderChainKey":{"iteration":2,"seed":"VmkE7hs0SIU8wJF0ypf9elc7sFydxWNDq1yl+R8GGwI="},"senderSigningKey":{"public":"Bb/Tl0hqQFFpgVIwPjxybTzAIMClCtdDcCF5oszhcSVT"},"senderMessageKeys":[]},{"senderKeyId":1281360810,"senderChainKey":{"iteration":1,"seed":"C6duP1B8ub8TqPMkSUevThop72FGjPECfhQsbmXXPOM="},"senderSigningKey":{"public":"Bejlx2VqM98JVlZIRaDvK9PsI5xe1K9+sFICuVPgU7EO"},"senderMessageKeys":[]},{"senderKeyId":71483194,"senderChainKey":{"iteration":13,"seed":"p0qKY6MaAZy4P/OdfntN1UnnPxZvKLv7Q+whI8VtMAY="},"senderSigningKey":{"public":"Bcvgt/G/0zMDof3EG7vvM9A9Sfh1fMGzK73yGP/KPTxB"},"senderMessageKeys":[]}]