[{"senderKeyId":314246334,"senderChainKey":{"iteration":0,"seed":"WreYPVdezYgT0kONrt9LTVDsft0qBYaEXlPXwkVq9RU="},"senderSigningKey":{"public":"BWw+9K8z1z9XzoeiQP8NZUb8veqgksKACPXAVH2dezkI"},"senderMessageKeys":[]},{"senderKeyId":614548800,"senderChainKey":{"iteration":0,"seed":"1o8ewYoXac8DNa5+IJEK4uDNS+ID2HtcC02Ga6NSHk8="},"senderSigningKey":{"public":"BdZE99BqA7WnHiOz+5qJOYYt5a7a+Ghl5CZpTNgHgpYn"},"senderMessageKeys":[]},{"senderKeyId":129599240,"senderChainKey":{"iteration":0,"seed":"OAuvX+dBLFyfE8rl1GhNQCJhjppi1k7iZx0jy3XUttk="},"senderSigningKey":{"public":"BYXpwA96iFH3YPXpHVGLkIR5mDwdjSyKx2Yae/sIbipv"},"senderMessageKeys":[]},{"senderKeyId":1280934759,"senderChainKey":{"iteration":0,"seed":"tQrWiqexpSpzvVR8CZpyjEQbhypfB4EfWB2n//bHRiM="},"senderSigningKey":{"public":"BRnR++6KakKXelNuBcc//b550PSCJvNlWiOv2CxTZU0c"},"senderMessageKeys":[]},{"senderKeyId":1526952635,"senderChainKey":{"iteration":0,"seed":"fnJP9IXNaYI+ydfnSXigo3rXYvCHBtWpsXqVYnTG0yw="},"senderSigningKey":{"public":"BZ7680jzt8w7DdGY8ZhVOzCgFfTikJs85e+RsVmhvEsl"}}]