[{"senderKeyId":1521378812,"senderChainKey":{"iteration":0,"seed":"w7IbUM+NlNMjlBhkFOKtZtelqkC6gA8vvE2n8h0cWq8="},"senderSigningKey":{"public":"BbIz3YXePjE7mRMu8kDG7/3pWbPZImMiMHGp3bmpALMq"},"senderMessageKeys":[]},{"senderKeyId":1821272612,"senderChainKey":{"iteration":0,"seed":"BrbNnGfO2hSLdDt6/B0vIaVq2XY3WBO/9rVLndcMK6w="},"senderSigningKey":{"public":"BQHp4AcCJpGrJH0BxAnzEW9YsXajPSTsesS9KcFkNPV5"},"senderMessageKeys":[]},{"senderKeyId":242497707,"senderChainKey":{"iteration":0,"seed":"TPSCNFNTeZob0s8Sq2yuNQfxOfLTQJkhuJ0eV1zv9ds="},"senderSigningKey":{"public":"BbQT9zY5KYDwGmTuOJN4aeTogJmp0byR3eOqCykZ/Vwk"},"senderMessageKeys":[]},{"senderKeyId":149135898,"senderChainKey":{"iteration":0,"seed":"zyfkOMmRLrievuNr63KnpoUM1doFyHZFdBVnoUINegk="},"senderSigningKey":{"public":"BYEKBG3ziwF1Ja/0RVMjeaWh512700hDPL5OW0syRwQL"},"senderMessageKeys":[]},{"senderKeyId":466752386,"senderChainKey":{"iteration":0,"seed":"EhPYDlMfxFUZYL/ZDWVh/nGnEOrtnjPKOjPCXZ6GtdE="},"senderSigningKey":{"public":"BT7eD8UnAsoRjoBP9H3K0XhcrRhHba3HCcbUAXvgrD0L"}}]