[{"senderKeyId":672847327,"senderChainKey":{"iteration":75,"seed":"YL29oRRqYtGExs3/0syXYVkY09h4ZhwxezoMvojFhbk="},"senderSigningKey":{"public":"Bb8uahqy5qJney420rA387nDP8XRHxQTRn0vC+35nURY"},"senderMessageKeys":[{},{},{},{},{},{},{},{},{},{},{},{},{},{},{},{},{},{},{},{},{},{},{},{},{},{}]},{"senderKeyId":672847327,"senderChainKey":{"iteration":51,"seed":"sXWs5tWRyxXU/rhK8kbbXOagU5J+r+rX3IIJJFGRTC4="},"senderSigningKey":{"public":"Bb8uahqy5qJney420rA387nDP8XRHxQTRn0vC+35nURY"},"senderMessageKeys":[]},{"senderKeyId":672847327,"senderChainKey":{"iteration":55,"seed":"S1EVFTYF4l7bXkw06omL79M+YDi5o5SuFmKgw93hXm4="},"senderSigningKey":{"public":"Bb8uahqy5qJney420rA387nDP8XRHxQTRn0vC+35nURY"},"senderMessageKeys":[]},{"senderKeyId":672847327,"senderChainKey":{"iteration":63,"seed":"X/INBgXG3jE+L3icDqBsRWmjC9qWWOck+EHGk/GVQxk="},"senderSigningKey":{"public":"Bb8uahqy5qJney420rA387nDP8XRHxQTRn0vC+35nURY"},"senderMessageKeys":[]},{"senderKeyId":672847327,"senderChainKey":{"iteration":71,"seed":"GRWY9Q5f1ApzgeuEosD5vFMNlYidFCvsEXt58y1Q0YY="},"senderSigningKey":{"public":"Bb8uahqy5qJney420rA387nDP8XRHxQTRn0vC+35nURY"}}]