[{"senderKeyId":1218903009,"senderChainKey":{"iteration":21,"seed":"IsFI7GhHEjqjXt9elrPwgRnNtL4mpLY0R0fuccxaNJk="},"senderSigningKey":{"public":"BQzxWTVnWqcIaZP2tEP7QQjNdKQa+RUF8XRYa6/PpJY7"},"senderMessageKeys":[{},{},{},{},{},{},{},{},{},{},{},{},{},{},{}]},{"senderKeyId":1218903009,"senderChainKey":{"iteration":11,"seed":"R9r5tzSDHZnJEBeAIfd9cVKH12KGBI7mrX6zfcvWAYA="},"senderSigningKey":{"public":"BQzxWTVnWqcIaZP2tEP7QQjNdKQa+RUF8XRYa6/PpJY7"},"senderMessageKeys":[]},{"senderKeyId":1218903009,"senderChainKey":{"iteration":13,"seed":"HSVgoiPAuL9hvbZhTVR4gK4uWCGfugmjoO/BDdjzvlk="},"senderSigningKey":{"public":"BQzxWTVnWqcIaZP2tEP7QQjNdKQa+RUF8XRYa6/PpJY7"},"senderMessageKeys":[]},{"senderKeyId":1218903009,"senderChainKey":{"iteration":17,"seed":"JtcGjlERGzKY7E4FiHWYm5JAFZ1sQ8QvtIOqfT12Zc4="},"senderSigningKey":{"public":"BQzxWTVnWqcIaZP2tEP7QQjNdKQa+RUF8XRYa6/PpJY7"},"senderMessageKeys":[]},{"senderKeyId":1218903009,"senderChainKey":{"iteration":19,"seed":"bX7Kj49PQyiHU6pMVH8zrJt4vy6BSpEwQTJC44GZuBU="},"senderSigningKey":{"public":"BQzxWTVnWqcIaZP2tEP7QQjNdKQa+RUF8XRYa6/PpJY7"},"senderMessageKeys":[]}]