[{"senderKeyId":390023110,"senderChainKey":{"iteration":0,"seed":"TtmuI84U1h69Pa/DJWA2U++6zywi0UG7+yTftn4rgPs="},"senderSigningKey":{"public":"BVkvnoBTODlt/0HNkoPr3TmKPtvJheF5miPMb3AVtVAJ"},"senderMessageKeys":[]},{"senderKeyId":587340246,"senderChainKey":{"iteration":0,"seed":"6ec5QPxSSaKkYcg4fPKtb1gQAtfgJ+9ob8VssTur1UA="},"senderSigningKey":{"public":"BVgeWM+2qsla6YoYirXsD8/KK+mOG/VOBJF3no2Mlzpx"},"senderMessageKeys":[]},{"senderKeyId":770539168,"senderChainKey":{"iteration":0,"seed":"+Wn1U8GDQFMT8YQLEs0NTMy8xo0PuqWDixd3y4febck="},"senderSigningKey":{"public":"Bd6rryZQGs9xX1gy61n3yPzi9wAOr5KD+8bdA+MUAWlP"},"senderMessageKeys":[]},{"senderKeyId":1781897003,"senderChainKey":{"iteration":0,"seed":"1iWjtVeUiUH8Huo2rk3Tlw7V/lEelM6M/ePb/Ltp/kw="},"senderSigningKey":{"public":"BWD4UzOzO3GtViDQIgjG552g88c/rGlzPhYOy+qdt441"},"senderMessageKeys":[]},{"senderKeyId":1768344183,"senderChainKey":{"iteration":0,"seed":"UUh3tK/Ay4xn2o3a6c2qvtHUFzKlRzJHAArFx4i09zE="},"senderSigningKey":{"public":"BZnIHXC3bUMuz10aRkra5C+RL27e7av0Zd7xCBRiU5Ja"}}]