[{"senderKeyId":139834352,"senderChainKey":{"iteration":10,"seed":"OHEPRXHTGarJOFYREhMj+C23Mrc1FlJ6hP1MPMFNSoU="},"senderSigningKey":{"public":"BbUFxnIGfRE1bpFqOI03W5TBDg+/rvw6BP63Sk3Ftxsv"},"senderMessageKeys":[]},{"senderKeyId":1370234728,"senderChainKey":{"iteration":4,"seed":"VPx7hvXV4IawrfziRciU9jAOqbLnOcnJnzlDUcLna/M="},"senderSigningKey":{"public":"Bb3Ty57th4AASMlUYesqgu5xUb3d/wRrpFvUICgknq5t"},"senderMessageKeys":[]},{"senderKeyId":1370234728,"senderChainKey":{"iteration":3,"seed":"Db9cWlV+abFDV2P+N+FcBAX/6MJE40PedKNG4Py2kww="},"senderSigningKey":{"public":"Bb3Ty57th4AASMlUYesqgu5xUb3d/wRrpFvUICgknq5t"},"senderMessageKeys":[]}]