[{"senderKeyId":1935461157,"senderChainKey":{"iteration":53,"seed":"dZ0lpR/0HVb4RVOuQjHdxIY8BoF1OFo5CyYux6S44hM="},"senderSigningKey":{"public":"BZGtGEPXgLVHtHwydhja875AVt0V5FYBzvFmv4mwtywk"},"senderMessageKeys":[]},{"senderKeyId":1935461157,"senderChainKey":{"iteration":71,"seed":"WOsu79RaA3gmvGjMYswItHiRYoVKhad/8sr8TIAKWLE="},"senderSigningKey":{"public":"BZGtGEPXgLVHtHwydhja875AVt0V5FYBzvFmv4mwtywk"},"senderMessageKeys":[]},{"senderKeyId":1935461157,"senderChainKey":{"iteration":79,"seed":"x/8AC95RrXKcWXddxB7RmqN6wFKvN3Jv69Tnegn4AQ4="},"senderSigningKey":{"public":"BZGtGEPXgLVHtHwydhja875AVt0V5FYBzvFmv4mwtywk"},"senderMessageKeys":[]},{"senderKeyId":1024586310,"senderChainKey":{"iteration":202,"seed":"k5Ew1WCUF9EcMxjyj8x+eRl5C0Tnfh/FR/J5eQm2UWA="},"senderSigningKey":{"public":"BeorEo/4s/nQRIJ/gU8rPjPhn1iIZmpVnxSEhPAHO+I2"},"senderMessageKeys":[{}]},{"senderKeyId":1024586310,"senderChainKey":{"iteration":179,"seed":"KzE4gEafw4fzb73rtZPbIQWfoFgCCCi0Uc1SK4eUAKM="},"senderSigningKey":{"public":"BeorEo/4s/nQRIJ/gU8rPjPhn1iIZmpVnxSEhPAHO+I2"},"senderMessageKeys":[]}]