[{"senderKeyId":193505435,"senderChainKey":{"iteration":5,"seed":"5JRVtyFkcKnZkaN0hMG4BU6Jy3AYHPRvRi15kzQi5Vk="},"senderSigningKey":{"public":"Bf/MMUqF3FeFjWO9+SUxLiORb7yHaKjstIGIKX3YYGsw"},"senderMessageKeys":[]},{"senderKeyId":942261407,"senderChainKey":{"iteration":5,"seed":"WBepLQP9tYgXhcr+eHj3OgV/mLerh4OGDOZ35MJkosA="},"senderSigningKey":{"public":"Bb7TaX6BEIvOIG0aflxL3H0+qOTfLE3W0sJ1BHDD8apD"},"senderMessageKeys":[]},{"senderKeyId":1184429891,"senderChainKey":{"iteration":63,"seed":"hue4DXaKaDfb/RQZLIG8gssYO6DwcVPYR30HbZD4CvA="},"senderSigningKey":{"public":"BZgbu/tOiLEH9cfbgrqSbAinzVsReIPiajKxPlul36RK"},"senderMessageKeys":[{}]},{"senderKeyId":1184429891,"senderChainKey":{"iteration":7,"seed":"JFqGknNIfAFJCsmMbPp7+4BzAkuxedw3kuMnmGPOdk8="},"senderSigningKey":{"public":"BZgbu/tOiLEH9cfbgrqSbAinzVsReIPiajKxPlul36RK"},"senderMessageKeys":[]}]