[{"senderKeyId":748793879,"senderChainKey":{"iteration":49,"seed":"vRoQj8b9/tmnFWPykqwuu4XtUBo/ST1AZ6HSGCWB4ow="},"senderSigningKey":{"public":"BVvCuN6RoZBg0sAdRhErs1EmRXy/JM4AoaduhPheIBFX"},"senderMessageKeys":[]},{"senderKeyId":660057198,"senderChainKey":{"iteration":5,"seed":"Hmm9dl03m5Jay1ZE0JgJsT9sfXoRks6ntyEVnJYJYYo="},"senderSigningKey":{"public":"BW17hIrzuL0iDlRJADac8uzmqavxJkRaclkY5DErdpcb"},"senderMessageKeys":[]},{"senderKeyId":1518269139,"senderChainKey":{"iteration":17,"seed":"Vaetz7UYb/FHPFxz9UvEnxgpT45Zpa0LoLXLRq8Dvuk="},"senderSigningKey":{"public":"BVy86U8cSVZPkED66isPtoaYuJ5FruDEZ93XiGLKX0sl"},"senderMessageKeys":[]},{"senderKeyId":793604206,"senderChainKey":{"iteration":10,"seed":"mNiiBjCrQ7UvxmmBCI7KFRh6OLdfv+/QR6zfdvuzmLw="},"senderSigningKey":{"public":"BZtCmLnqx2yfgXABJ9Bxfe3lpF1slSBR5jHG6GjIG800"},"senderMessageKeys":[]},{"senderKeyId":1706573255,"senderChainKey":{"iteration":4,"seed":"N42Jvr9RqYeSz9ch2u5uRZ4BygdMnPNvhtKe3ySQQU4="},"senderSigningKey":{"public":"Bc8La0xvmRMC5Ds1x7gYsKks1FivGl91jU1aQ9CtH10V"},"senderMessageKeys":[]}]