[{"senderKeyId":2017174130,"senderChainKey":{"iteration":3,"seed":"uU7SbmlUng8W1WJT1GW5L06kb2qs+BnMLIYSUM356rc="},"senderSigningKey":{"public":"BTiuh4/3gywYpr7pB24/aNq44KnE0Imi03p84LsgtKNr"},"senderMessageKeys":[]},{"senderKeyId":2017174130,"senderChainKey":{"iteration":1,"seed":"61mz6J9s7oLDRV3aBJYJrv+ZddXEdKwbTQtDfKr+Yyg="},"senderSigningKey":{"public":"BTiuh4/3gywYpr7pB24/aNq44KnE0Imi03p84LsgtKNr"},"senderMessageKeys":[]},{"senderKeyId":1536802163,"senderChainKey":{"iteration":1,"seed":"O8PfEirX0G0UmUz5et6BbmlU20bp6aN6nJ1WEzhuDak="},"senderSigningKey":{"public":"Bay1iisBEt0LUYeap0Ds6iTbCru0ff+eI+PQR99EMIs8"},"senderMessageKeys":[]},{"senderKeyId":1555627986,"senderChainKey":{"iteration":9,"seed":"2AtwDGepUjH3LT3SRiuFG3Wdf56lzNgshgeLyKyUaYA="},"senderSigningKey":{"public":"Bbbldf19OXXf7L/gN+9FanwOLIt4SN9+bY+Z2ecGOWlp"},"senderMessageKeys":[]},{"senderKeyId":930274856,"senderChainKey":{"iteration":1,"seed":"jzpLirMjw9GypY5jQZeqzP2YEA95JWshghMh6zy6PT0="},"senderSigningKey":{"public":"BbT1ze1z7LmKAjJfV6g0fwC+Wn7leSym9kI80Zmsce5m"},"senderMessageKeys":[]}]