[{"senderKeyId":771116815,"senderChainKey":{"iteration":1,"seed":"1K19gKhh13AOxoS8uR8ubyTfa1F1B9rcfzAia/1/BgI="},"senderSigningKey":{"public":"BaOfUkRdFRRiEtHjpOK84H8ubmGK1NjLVT/Vb/t34hhy"},"senderMessageKeys":[]},{"senderKeyId":771116815,"senderChainKey":{"iteration":0,"seed":"gK82xxmyLquZ+sXlssQ7KodiwRTMlSpAccgPwc/wgPY="},"senderSigningKey":{"public":"BaOfUkRdFRRiEtHjpOK84H8ubmGK1NjLVT/Vb/t34hhy"},"senderMessageKeys":[]},{"senderKeyId":9310385,"senderChainKey":{"iteration":0,"seed":"uu3sIbTba4sATPyZDlwUURSiu3eQPDo12uh1tK1frck="},"senderSigningKey":{"public":"Bfh8bPyzQNA0fmRnygDTZtnspbil5xTHKpK+z2oOQUwR"},"senderMessageKeys":[]},{"senderKeyId":573395163,"senderChainKey":{"iteration":0,"seed":"iDOxoV2ZgHTEbp5YNvmv5CiCOyNuB2waNG7FAamyUAQ="},"senderSigningKey":{"public":"BdBXMLOejQYACtitCYUxjXsYkZ0bHr42lYN2QXwJXIhV"},"senderMessageKeys":[]},{"senderKeyId":1418949351,"senderChainKey":{"iteration":0,"seed":"KxPMeiUHtIkaSdtwoqf1Y/zyVnEaSlme6SkOQfIaJdA="},"senderSigningKey":{"public":"BdxUxnRjbttgqtZtLr6KFkX+R9XQocnvaRS7Reeh+0NS"}}]