[{"senderKeyId":1627496331,"senderChainKey":{"iteration":1,"seed":"zngPo+wf1EcQrib1p0TffZ2tyJCbwmImVVBp0Okk7XE="},"senderSigningKey":{"public":"BbDnKZFpPfxWEMhsU8Z6R0pGruRrXHzaryFmGG3pvLVC"},"senderMessageKeys":[]},{"senderKeyId":2111896994,"senderChainKey":{"iteration":0,"seed":"aE47hExewgXFQtC1mvKSNSHKSfTp9XKUQBPWjdffefw="},"senderSigningKey":{"public":"BW56Zob/8rqKSbwer7OfMYlUryVphYvVLEv7NWzHIMVS"},"senderMessageKeys":[]},{"senderKeyId":1385415757,"senderChainKey":{"iteration":0,"seed":"zwHVDIlj1oq5Ar2+R3dbKQJYuQFeUeQAQ7NZnqHxx9U="},"senderSigningKey":{"public":"BXtGjWCJdIAIiN4yJlx6EEj9RuWKuqOx0Q4tN98vbjdI"},"senderMessageKeys":[]},{"senderKeyId":265784616,"senderChainKey":{"iteration":0,"seed":"LBK7v/U4WgR3fleyDFHIwWbM5KCOKd9PQ52Z8m2V0PY="},"senderSigningKey":{"public":"BeCA7/GE1e/VFcydTLnRHMErGLDndO1zZsnkwBvfd0ZU"},"senderMessageKeys":[]},{"senderKeyId":2114399786,"senderChainKey":{"iteration":0,"seed":"f/3hrOe/G+wnZxz32t4BPsuxhWTpudkJ9RZRhp1JHgs="},"senderSigningKey":{"public":"BSE1jDUfUkSGALrofcwyCBdYvba2fw4uGNP9lTb5dkNb"}}]