[{"senderKeyId":1597435136,"senderChainKey":{"iteration":10,"seed":"v9rJjPmk5mMdiWNoSb0YLv9QMKJIuxGSHWX8vle9xXw="},"senderSigningKey":{"public":"BV0b4HcJeCARdroXBkFa7+zHkJO71b8kBaN/W6v+DioH"},"senderMessageKeys":[]},{"senderKeyId":885638881,"senderChainKey":{"iteration":43,"seed":"p48hc79Dc7475d+gguwhIR+m/hROIKCTNbh7R4167Sg="},"senderSigningKey":{"public":"BdR/DLoGQ+/h0ydhXI8+1m4RE+pACaAMiZ4gigm/tmRZ"},"senderMessageKeys":[{}]},{"senderKeyId":861254350,"senderChainKey":{"iteration":1,"seed":"w7WG0C/1K08Iit8znRW2pqEphvmguMMYrKqXmy81uOg="},"senderSigningKey":{"public":"BVXaubCmyivTkZR38YdLWIPyRzwIPZ7Mu7CZG4vWqcxt"},"senderMessageKeys":[]},{"senderKeyId":551284662,"senderChainKey":{"iteration":9,"seed":"oIkdrKwAIWVEj2cIepdAlcVmUbIjsju91laiMrS0cWo="},"senderSigningKey":{"public":"BcemI1iR5eK3eCXtine6gxsQn+qXjDMlZbeCdJEUPwdx"},"senderMessageKeys":[]},{"senderKeyId":1618117505,"senderChainKey":{"iteration":0,"seed":"nK/88AqnQi+xxLaoigfjeSZ/jRCFrmQ2DAhcGPNUwgQ="},"senderSigningKey":{"public":"BbRrztgoj2RE99wj+e2d65NqLIZNt+1GXH6WaSPBWvJq"}}]