[{"senderKeyId":1269664727,"senderChainKey":{"iteration":0,"seed":"CdvzrASF6ZV+hmgBTq943aGxqifeWhY8EzqMI9HeBuU="},"senderSigningKey":{"public":"BVa09mG46JOgX49t4ohyZGW0AVDb2c6lxNQ06sre+787"},"senderMessageKeys":[]},{"senderKeyId":1582879949,"senderChainKey":{"iteration":0,"seed":"bGAAeuypocVPkK7E2ozwI2mLqKnHgnyzy9CrcoGjUSU="},"senderSigningKey":{"public":"BW2+TjXYRAcilBl/wVCszHe4i5juZ1AhT4MlmbFqWUtP"},"senderMessageKeys":[]},{"senderKeyId":555032205,"senderChainKey":{"iteration":0,"seed":"AARkG71vv+mqkuk+GfLXsvr3dbEbojOk8FISJHqqmHs="},"senderSigningKey":{"public":"BRY/GqnxzHBQ405h8qDR3M/+4qq0UsehQSGUEZi/8mgO"},"senderMessageKeys":[]},{"senderKeyId":1668416218,"senderChainKey":{"iteration":0,"seed":"y4mBmF3TaiQj/CHWFDoG4VeAgauuQMYzV3AiSrUJdBI="},"senderSigningKey":{"public":"BeSkt0dtY2mPtBpC7XQ9Y9jWVe4NEtEImuiaNgw2+L4M"},"senderMessageKeys":[]},{"senderKeyId":1047060126,"senderChainKey":{"iteration":0,"seed":"NWAML5Ocy1XATRDrprnLJk0mNiJ2baUuaRlRDAuXBtU="},"senderSigningKey":{"public":"BTNwVrM2iz+swbfofftR6NjWBlXzctnztWtOFKkRaKoP"}}]