[{"senderKeyId":1801907844,"senderChainKey":{"iteration":0,"seed":"kBET5Xgk3fF6nbDuzKPzM1pWIrJ0gocFSWpu3cmrpq4="},"senderSigningKey":{"public":"BaoF7rywxbB51xKBIe2peQDyXsYFOsRtAJV+b17YKPpe"},"senderMessageKeys":[]},{"senderKeyId":26338945,"senderChainKey":{"iteration":0,"seed":"7ovwtA7bIMFL7uRcAkfW06Is2VV4W2UJcBEG6x3Gtws="},"senderSigningKey":{"public":"BdwlWoSa/p3ux5slv9g2YjcBr+yk1a0xZSL8EASmPbcS"},"senderMessageKeys":[]},{"senderKeyId":1949306817,"senderChainKey":{"iteration":0,"seed":"P05J8H5H/fYd+e/pPpxBySAsWBGCn22XYAcsCDCfvqk="},"senderSigningKey":{"public":"BbQvbo3bm12R/NMyubS1Z04lzu+CiMM0Bt8PG5pB78F/"},"senderMessageKeys":[]},{"senderKeyId":1612807773,"senderChainKey":{"iteration":0,"seed":"U+sh33XyMFiozo2avbk7LhaQzUMzXtEuFizgmGBulco="},"senderSigningKey":{"public":"BQAU9KRLOzmhlQPYOud3V3Occ78Kc7hy7TXEU3MyBvU3"},"senderMessageKeys":[]},{"senderKeyId":849319642,"senderChainKey":{"iteration":0,"seed":"nIa05HUkvL4eDBwd7Fzkl+u0pWuV1lc9qU1QU6EyQsw="},"senderSigningKey":{"public":"BQa7+FiIB0Ot8NkMQ0NV76nzoL/Bl8CvaV1JsogG2Hpg"}}]