[{"senderKeyId":1171293844,"senderChainKey":{"iteration":17,"seed":"flRKYkmQaeh9Iw1at8NScf5sa2QFzu+7K9fzl7FpOiA="},"senderSigningKey":{"public":"BTX0s+Tn5lLuPEjd6AjvrGa2Wkofyyd88OUDyAswYe5P"},"senderMessageKeys":[]},{"senderKeyId":1171293844,"senderChainKey":{"iteration":7,"seed":"1gfUTj/UErXikKBv69LyfS3vs7ELyCLDp1Tk5FPZ27c="},"senderSigningKey":{"public":"BTX0s+Tn5lLuPEjd6AjvrGa2Wkofyyd88OUDyAswYe5P"},"senderMessageKeys":[]},{"senderKeyId":1171293844,"senderChainKey":{"iteration":7,"seed":"1gfUTj/UErXikKBv69LyfS3vs7ELyCLDp1Tk5FPZ27c="},"senderSigningKey":{"public":"BTX0s+Tn5lLuPEjd6AjvrGa2Wkofyyd88OUDyAswYe5P"},"senderMessageKeys":[]},{"senderKeyId":1171293844,"senderChainKey":{"iteration":7,"seed":"1gfUTj/UErXikKBv69LyfS3vs7ELyCLDp1Tk5FPZ27c="},"senderSigningKey":{"public":"BTX0s+Tn5lLuPEjd6AjvrGa2Wkofyyd88OUDyAswYe5P"},"senderMessageKeys":[]},{"senderKeyId":1171293844,"senderChainKey":{"iteration":7,"seed":"1gfUTj/UErXikKBv69LyfS3vs7ELyCLDp1Tk5FPZ27c="},"senderSigningKey":{"public":"BTX0s+Tn5lLuPEjd6AjvrGa2Wkofyyd88OUDyAswYe5P"},"senderMessageKeys":[]}]