[{"senderKeyId":1538003123,"senderChainKey":{"iteration":291,"seed":"jeSBhV06mtLv1LDD2Nzml+7V/N+9IhEya2aJHoAeHF4="},"senderSigningKey":{"public":"BVIV4sY7xW8RAm8miTh3lZ/8/yABRieslt27g9O8U0pz"},"senderMessageKeys":[{},{},{},{},{},{},{},{},{},{},{},{},{},{},{},{},{},{},{},{},{},{},{},{},{},{},{},{},{},{},{},{},{},{},{},{},{},{},{},{},{},{},{},{},{},{},{},{},{},{},{},{},{},{},{},{},{},{},{},{},{},{},{},{},{},{},{},{},{},{},{},{},{},{},{},{},{},{},{},{},{},{},{},{},{},{},{},{},{},{},{},{},{},{},{},{},{},{},{},{},{},{},{},{},{},{},{},{},{},{},{},{},{},{},{},{},{},{},{},{},{},{},{},{},{},{},{},{},{},{},{},{},{},{},{},{},{},{},{},{},{},{},{},{},{},{},{},{},{},{},{},{},{},{},{},{},{},{},{},{},{},{},{},{},{},{},{},{},{},{},{},{},{},{},{},{},{},{},{},{},{},{},{},{},{},{},{},{},{},{},{},{},{},{},{},{},{},{},{},{},{},{},{},{},{},{},{},{},{},{},{},{},{},{},{},{},{},{},{},{}]},{"senderKeyId":1538003123,"senderChainKey":{"iteration":57,"seed":"bwErsRPkLDDkOB3sp1IQEQYWjqatL9TkiHk2G4ZOQnM="},"senderSigningKey":{"public":"BVIV4sY7xW8RAm8miTh3lZ/8/yABRieslt27g9O8U0pz"},"senderMessageKeys":[]},{"senderKeyId":1538003123,"senderChainKey":{"iteration":63,"seed":"AO/IK47qA3bh3hpG/Tj/dwXehIAITQb4ATD1kzOV+NY="},"senderSigningKey":{"public":"BVIV4sY7xW8RAm8miTh3lZ/8/yABRieslt27g9O8U0pz"},"senderMessageKeys":[]},{"senderKeyId":1538003123,"senderChainKey":{"iteration":279,"seed":"2AotSGe3SaCXrPycRE91YUFBPHI2E6i/FKOrYYaCmfY="},"senderSigningKey":{"public":"BVIV4sY7xW8RAm8miTh3lZ/8/yABRieslt27g9O8U0pz"},"senderMessageKeys":[]}]