[{"senderKeyId":493007267,"senderChainKey":{"iteration":0,"seed":"gOmcKkqRw3gaUDCJYN/90hXZLMssZrvw7qpR+r1kleA="},"senderSigningKey":{"public":"BWYgKS+pkTNTFso6OzBbrbJR2sUqhXby8OEHFv7UDbNo"},"senderMessageKeys":[]},{"senderKeyId":190994032,"senderChainKey":{"iteration":0,"seed":"kNtoU5jEhlwW4s9l2xj7aWEcq6zckbh4E615sS3gpeI="},"senderSigningKey":{"public":"BRZh274vnYouzHpTqQPU8NsBA/BcPs5ZALo9WEhtURtU"},"senderMessageKeys":[]},{"senderKeyId":317987502,"senderChainKey":{"iteration":0,"seed":"kIgIcQ5gEakqmEMY2DkWPDHIhFITmT2AOMWnVLGfHx0="},"senderSigningKey":{"public":"BbEg4cwyMRZcYYiXszwmDeIjstDngCdOca/1vztomUJE"},"senderMessageKeys":[]},{"senderKeyId":160049898,"senderChainKey":{"iteration":0,"seed":"d9WFq3JMXOB1QfYU3lkrh9lfMah5/lOqAKO1LYHRVwA="},"senderSigningKey":{"public":"BaLsN/w9hqmnmbKVum88tNF3rqg/q0tCGWCxEANGsMJT"},"senderMessageKeys":[]},{"senderKeyId":49158215,"senderChainKey":{"iteration":0,"seed":"UbgXU+xD662yiLbQmgqMAt2JA+fd1dUoke4Mv0dwZgU="},"senderSigningKey":{"public":"BTmIFZkXmAfFJufP8BV4QUMVAaPhZBoPSls0RUkd00xJ"}}]