[{"senderKeyId":1505292936,"senderChainKey":{"iteration":0,"seed":"jccVFWoLt/GpSjSZZJmcXQf8gevS9fA67y7r23mbQck="},"senderSigningKey":{"public":"BW1O95Nj+zyCUPJJmErZRDx2NvSpre8e8zcDFGKvDT8O"},"senderMessageKeys":[]},{"senderKeyId":767420338,"senderChainKey":{"iteration":0,"seed":"/H6YkB9aN2RrV/ss9tdk1W5posD7B/3++//uYG9GDLY="},"senderSigningKey":{"public":"BaQ/0IjX5m/Dn2aAkN7oVajrhSKiMbCh0+SHeivGpkJJ"},"senderMessageKeys":[]},{"senderKeyId":814672498,"senderChainKey":{"iteration":0,"seed":"pBLBuL0PEr5kKGrFuBs45QY8JoJ85VJ7B9fuNlu5e8Y="},"senderSigningKey":{"public":"BV1tpCIseeq8D1zj0b42bDR0+FFpHV4VePHkUmpW/2Q5"},"senderMessageKeys":[]},{"senderKeyId":1770213980,"senderChainKey":{"iteration":0,"seed":"1HevPqiDGjs/Dzq9D/ZPKS6R9k2qXyAn4RSwcaoaWUY="},"senderSigningKey":{"public":"BUwwIn+iXVlyJLeffHm+TpGczdtdJeDXe4p9ojyaX4ZQ"},"senderMessageKeys":[]},{"senderKeyId":427718796,"senderChainKey":{"iteration":0,"seed":"2+Sfik3TvNti20LY5Q4CiB1uU2w1E2VOSq+9Nr25npw="},"senderSigningKey":{"public":"BWWZQqLY1KsVXhRYU1lzQAn3KfnT0Ig3yXnCyqKIpexZ"}}]