[{"senderKeyId":1425128348,"senderChainKey":{"iteration":37,"seed":"DNliYgX/bnqKSMIzsZoZz++CKL3/Z5FdPx58f9ERnoE="},"senderSigningKey":{"public":"BefXQ1EtbNy9IkYEOwcmyWOPL3AssTOncW6tegXA+Ltr"},"senderMessageKeys":[{},{},{},{},{},{},{},{},{},{},{},{},{},{},{},{},{},{}]},{"senderKeyId":1425128348,"senderChainKey":{"iteration":11,"seed":"pPf0T8rVUM5/synPJ3mG1jvTYXRLnJvMHMZ69LuepoU="},"senderSigningKey":{"public":"BefXQ1EtbNy9IkYEOwcmyWOPL3AssTOncW6tegXA+Ltr"},"senderMessageKeys":[]},{"senderKeyId":1425128348,"senderChainKey":{"iteration":13,"seed":"XNWqUq5Q6hk6KTMAHut8jk8pIwEe06bb2V/FDSXMeOU="},"senderSigningKey":{"public":"BefXQ1EtbNy9IkYEOwcmyWOPL3AssTOncW6tegXA+Ltr"},"senderMessageKeys":[]}]