[{"senderKeyId":804535649,"senderChainKey":{"iteration":0,"seed":"Hz1RFUAAE9Bb9Iogv/BznIgERl8jiiDoAEL+Yn370A4="},"senderSigningKey":{"public":"Bf7tt34rQgjbRAe6wJIj5Qgq5WtesrhW4VBHaARqbh84"},"senderMessageKeys":[]},{"senderKeyId":804535649,"senderChainKey":{"iteration":0,"seed":"Hz1RFUAAE9Bb9Iogv/BznIgERl8jiiDoAEL+Yn370A4="},"senderSigningKey":{"public":"Bf7tt34rQgjbRAe6wJIj5Qgq5WtesrhW4VBHaARqbh84"},"senderMessageKeys":[]},{"senderKeyId":671856978,"senderChainKey":{"iteration":0,"seed":"U3ZjAwkO8iALIGkzwkMSgkEC1qVjFpSNfzZpA4d5Tyc="},"senderSigningKey":{"public":"BW+mVgeI+Jw/oCLJUKzmeWNyqn2nygbbreHwCQrlbCVO"},"senderMessageKeys":[]},{"senderKeyId":1467403473,"senderChainKey":{"iteration":0,"seed":"Ysi16+DQ166ug2xauQdSt24SWuvkbcyne8Ay9rlwpVQ="},"senderSigningKey":{"public":"Bb7II6AIPHJyG/9MhLQM1R5DtpTYG9VzhvjKRB2P3bke"},"senderMessageKeys":[]},{"senderKeyId":495861123,"senderChainKey":{"iteration":0,"seed":"zNseAhfWPulDX2I7Ei/LzYc7Eb+YD6+UCUCH60YJjiE="},"senderSigningKey":{"public":"BXivJlYu9uyF2venHpAIL4a9KlXIWECwhA82xr/h1gBc"}}]