[{"senderKeyId":613652262,"senderChainKey":{"iteration":0,"seed":"ZlV3DhYu/J4DJX5QOGKF8gguR2mn4bleUqgS2BVAIM8="},"senderSigningKey":{"public":"BawlRBaYhjMAFZvoxaJOYCSUkGdc5qnwDFYTN1aLGENe"},"senderMessageKeys":[]},{"senderKeyId":946749269,"senderChainKey":{"iteration":0,"seed":"Q1zgshDKSa+W4A8PRjujMybmVWZRLfDBqrrC7Qb05mc="},"senderSigningKey":{"public":"BRuxoGiMj2uJtdKB6sR3nZCuJT1tbLZdxJKC/JHhPngD"},"senderMessageKeys":[]},{"senderKeyId":1010939783,"senderChainKey":{"iteration":0,"seed":"RSYIMjlu3NcdhvUbL4chrufVl2z2a0nhg1KUr2yI75Q="},"senderSigningKey":{"public":"BXq0mFYS0CuWokEW0sI79Of/RDAJBxAwSzt9ejnr3cAL"},"senderMessageKeys":[]},{"senderKeyId":728034477,"senderChainKey":{"iteration":0,"seed":"f+k5TWnm3h3JhZiLyZRPvX3/eI0jKuMZ8x7PlsKJtUk="},"senderSigningKey":{"public":"BbXURA/hEXA/hqZaJseFvXWhIX0GW/d+e29g4SPPRmhH"},"senderMessageKeys":[]},{"senderKeyId":399075217,"senderChainKey":{"iteration":0,"seed":"aDIe8ob4ZrhSqTKRAygDERzlYcP6a2rL1Nea681S4bA="},"senderSigningKey":{"public":"BWpLmh+ArDEnoKXiQfOXPh3+z9ZigHg1/1FCMCdizAQ+"}}]