[{"senderKeyId":1984381834,"senderChainKey":{"iteration":1,"seed":"BYQLaf1WouL5ErJWdwvWMvo4oFQUXJf5oUz/KSveHFQ="},"senderSigningKey":{"public":"BTHa8p37CFPX476Fuu/LR9EL87+aLBTQ5Qp22JS9ilgA"},"senderMessageKeys":[]},{"senderKeyId":1377543199,"senderChainKey":{"iteration":1,"seed":"gOwAXomNIMxblqXE/Y8iriWvri6CrxNPX4TzE2+t8iE="},"senderSigningKey":{"public":"BUbqM4uzApn/9hLPvAfIatClhK8MbrPw6ttDisUygJIw"},"senderMessageKeys":[]},{"senderKeyId":735305154,"senderChainKey":{"iteration":0,"seed":"P5zS99v6fOZhpq/lkZK9+aP1m6Hp0zhTgWe4y7ZN4mc="},"senderSigningKey":{"public":"BbApPuiN3Q4FZBYAYkgxjS44/8ovelF2zEzL5QaEit9O"},"senderMessageKeys":[]},{"senderKeyId":512333418,"senderChainKey":{"iteration":0,"seed":"5SBGXUTwvbNDn/NFV1Ovvxlns/hFk494xd0Vk0MVtSo="},"senderSigningKey":{"public":"Bc68hovQU/jDHS8T7IG4Z5HfxQrhnksLnQeIr5P0Ywhr"},"senderMessageKeys":[]},{"senderKeyId":372559975,"senderChainKey":{"iteration":0,"seed":"CdVzxeH8rX9rfKHr2ojNdhtSN0l5v7M2C1mavlcZcu0="},"senderSigningKey":{"public":"BX4WO8cfsqVlHSu3M5XmhDXmThMCc4dbIGJLtK/4XgJA"}}]