[{"senderKeyId":1427365732,"senderChainKey":{"iteration":0,"seed":"L0D4hKX0vH11PYECHdXJi5wE5ren3YcAuxfv0lc1tSg="},"senderSigningKey":{"public":"BbxlGIIzq1Vi5n+U6tfGdMUk+pKf6KT3xJ0HI7/m1/E6"},"senderMessageKeys":[]},{"senderKeyId":1004992121,"senderChainKey":{"iteration":0,"seed":"F0Gowe+s0Tm06cbFXWDDbRH9jaMIz4MWeGNC6aAeCJI="},"senderSigningKey":{"public":"BdDKEPao0FPllmxhivTmW0lAB8ibyk9oAJWvWiRpAnIY"},"senderMessageKeys":[]},{"senderKeyId":1392689924,"senderChainKey":{"iteration":0,"seed":"E1DnUp17geyODdJLIkM+88J8HDxSW/8iLtb+Jz+wGBE="},"senderSigningKey":{"public":"BVS7VhVoUea/AFCH8Cn+wgogbxLG02/sdwHsCY+fU/EV"},"senderMessageKeys":[]},{"senderKeyId":2007163275,"senderChainKey":{"iteration":0,"seed":"8CVSm8c15iHQq4mnUDnsU3ijs2Y2EfgDX5c07RMDniI="},"senderSigningKey":{"public":"BZ3vVeuotjVlUp+MiN+G4mHUUE+TDTP7MP+RbScD5BgC"},"senderMessageKeys":[]},{"senderKeyId":1462274347,"senderChainKey":{"iteration":0,"seed":"R7P/Ov+e4YEPdvXz7OQl8ayGb6KUYXmkqYZfXxPo0t0="},"senderSigningKey":{"public":"Bb9OmYzheJaayEmrRN5DXAo7ml10vBNnez2EwNhbpXgV"}}]