[{"senderKeyId":921195497,"senderChainKey":{"iteration":20,"seed":"3m/geWbMnyvC/14NbhCX01gG1Uge0xu8MoSpgvosGqg="},"senderSigningKey":{"public":"BYfwlacEABrIalen4UrN/MzvAKN6XUATRyGk+gO3emZS"},"senderMessageKeys":[]},{"senderKeyId":378945143,"senderChainKey":{"iteration":6,"seed":"eToWSJBj9+rh8PAo2yWPohcHjkMXgxGFnjGx3LqCA6k="},"senderSigningKey":{"public":"BRsFmnbMcaAfk0Juh+9WjnxL1L5FySmhlYCb4GsA8vto"},"senderMessageKeys":[]},{"senderKeyId":679927360,"senderChainKey":{"iteration":8,"seed":"o7+Sb0KcW/z7am/Kw6ZyY1oZHx2URYlsR8wGIdEjvDs="},"senderSigningKey":{"public":"Bajq4X2L6ixcjrnui3m1cvkk8qzwng/uWGS2AHmpnllk"},"senderMessageKeys":[]},{"senderKeyId":1256488679,"senderChainKey":{"iteration":3,"seed":"7n8diQUczat//bnoSUO4K17LK3P7wyX+eBNCCVQudJE="},"senderSigningKey":{"public":"BQ6z856kvDHUpnYf1C6KVVuKV4TSdGmK33tL49eqkpQH"},"senderMessageKeys":[]}]