[{"senderKeyId":721148267,"senderChainKey":{"iteration":11,"seed":"EsTowru2Bid1oCQT2bIuPdwrQB5kj3Lo+BkjpFfCVyE="},"senderSigningKey":{"public":"BerfaK32jwCDqV8m/PBN4CmTwLn485NiHV+aU1RONrgz"},"senderMessageKeys":[{},{},{},{},{}]},{"senderKeyId":721148267,"senderChainKey":{"iteration":3,"seed":"xGEeNa3gZWPkPvsakPbCw+FHi7WwoXavYpda0k+dGcw="},"senderSigningKey":{"public":"BerfaK32jwCDqV8m/PBN4CmTwLn485NiHV+aU1RONrgz"},"senderMessageKeys":[]},{"senderKeyId":721148267,"senderChainKey":{"iteration":7,"seed":"wjZCwVDgzNtLz1QrwrWU95mCP+8waUza6XBpa4h/17A="},"senderSigningKey":{"public":"BerfaK32jwCDqV8m/PBN4CmTwLn485NiHV+aU1RONrgz"},"senderMessageKeys":[]}]