[{"senderKeyId":1052146405,"senderChainKey":{"iteration":0,"seed":"yIN+Elm3YFaQQdwfceTmLhaNP57lknIsoXCVHbNAaMs="},"senderSigningKey":{"public":"BUfRtDrzrPouIa2m5klZhIjYNw7LFg7J3dNKRPC2yG1P"},"senderMessageKeys":[]},{"senderKeyId":643203912,"senderChainKey":{"iteration":0,"seed":"4owGoykiw2qlSmgVhLSNRnnAZ2OoGx2bOE6ctY0zGFE="},"senderSigningKey":{"public":"Beb6RT89VzBGsLuUadaFnNonjL/aKpQVBmctDCvoQXVQ"},"senderMessageKeys":[]},{"senderKeyId":140628431,"senderChainKey":{"iteration":0,"seed":"lOMEiSP+FbJpN1rPIhfinDjdw8d4z+IwWzYqB2flAnA="},"senderSigningKey":{"public":"BQg2T3AheZJAbVPvaK90pQWCvcJDM9XnjMCMlThV6/w1"},"senderMessageKeys":[]},{"senderKeyId":783143489,"senderChainKey":{"iteration":0,"seed":"J51e0AlFBiztMyhgyX6594aBlP/MJeD8ZbKGOTW1u0U="},"senderSigningKey":{"public":"BXHI08th1ASsMapG7+mBYf6tYYo/t57Z5yV5jHh/6R9h"},"senderMessageKeys":[]},{"senderKeyId":851947020,"senderChainKey":{"iteration":4,"seed":"6oNrIPJfuNBYcOCJrxvDKqa2wAulBIWKVS1EshElZ3s="},"senderSigningKey":{"public":"BVaREGRPojsQPdUrvq/CmLRah1F2rIma2XtHLdxMgDli"},"senderMessageKeys":[]}]