[{"senderKeyId":700222563,"senderChainKey":{"iteration":0,"seed":"IRn/Kv4yxaTQPgJG3FSqijDLdy7UvvhX2K3yDPZgMow="},"senderSigningKey":{"public":"Bd+NkBTKIv4Lpw6LY2hlSN3Km2WpqtZ9a22QcCQNiFEE"},"senderMessageKeys":[]},{"senderKeyId":920604116,"senderChainKey":{"iteration":0,"seed":"r54dwu2VY5ZeZHHMEXN6LglqynyA4sLREDJrWEPOIB4="},"senderSigningKey":{"public":"BdY4oBPzxPVFYZqhR7OYp9EPF/gY1wvp7zNHbimY36x0"},"senderMessageKeys":[]},{"senderKeyId":2147226212,"senderChainKey":{"iteration":0,"seed":"+ZRRjO411md42HpQ6dLyoBy0XewcBGaaRqtUbP49Chs="},"senderSigningKey":{"public":"BZaZzN3/cDYO6BvqMvIdB0ZGaQYi41VzS5cagI3NyKdr"},"senderMessageKeys":[]},{"senderKeyId":1804256786,"senderChainKey":{"iteration":0,"seed":"6ZyI554uDv4QKbSv2GGqo8C93jnGBa5eAuCClUHbJb0="},"senderSigningKey":{"public":"BWfOUUhF86XV8V/9Av1HT5DGRmNuMlYYBHgqmycjw5du"}}]