[{"senderKeyId":1701270418,"senderChainKey":{"iteration":2,"seed":"lsTwMuOLHALNFv2zwKn/nZWnu6k+hwzRucpQz44BS+U="},"senderSigningKey":{"public":"Bb8pQvQqVimhJBa8JauYids/bWciJ3/f9JAnsSdzdZgZ"},"senderMessageKeys":[]},{"senderKeyId":1701270418,"senderChainKey":{"iteration":1,"seed":"IOpu3C0IIDJu9BxvN4dsfDtVCWHvGhgsJEk/epzgIX0="},"senderSigningKey":{"public":"Bb8pQvQqVimhJBa8JauYids/bWciJ3/f9JAnsSdzdZgZ"},"senderMessageKeys":[]},{"senderKeyId":2094851166,"senderChainKey":{"iteration":38,"seed":"TCeZT0CC12LVOp6ZfaemStBW4fiLHuBYOYoeeVNMAl4="},"senderSigningKey":{"public":"Bc1JGAZtc6mbMiUfpaJCChFzQ4fiyV3xbszAGUfCEkUm"},"senderMessageKeys":[]},{"senderKeyId":2094851166,"senderChainKey":{"iteration":6,"seed":"H7dYEjqUTggjxjKHz9hzmsEHaGvN6XVVrfJcY8LDMLI="},"senderSigningKey":{"public":"Bc1JGAZtc6mbMiUfpaJCChFzQ4fiyV3xbszAGUfCEkUm"},"senderMessageKeys":[]},{"senderKeyId":2094851166,"senderChainKey":{"iteration":11,"seed":"cmJFFALpMagqPZXPlWHuWdFL7mJZUV73vmE8lexTxC8="},"senderSigningKey":{"public":"Bc1JGAZtc6mbMiUfpaJCChFzQ4fiyV3xbszAGUfCEkUm"},"senderMessageKeys":[]}]