[{"senderKeyId":1530891441,"senderChainKey":{"iteration":0,"seed":"c7tlbEynrN6IEX2nGOrtZmN8FxeuvsgaDYN8lr3xjUg="},"senderSigningKey":{"public":"BaO79PPzjKHulXbNLlTaEXI+CT4vQGMPLgXpOqxKacRy"},"senderMessageKeys":[]},{"senderKeyId":427366492,"senderChainKey":{"iteration":0,"seed":"larUMfXB+fmK+RwlQ1Y/00dFPE/Z+2/YXaJsTkMkghc="},"senderSigningKey":{"public":"BQkXSgKd88U5rwKSpPBfj/Rpa1HhZ0ngXQrH+19W8rFc"},"senderMessageKeys":[]},{"senderKeyId":987871587,"senderChainKey":{"iteration":0,"seed":"ThHdYTwzp8hB+p6dj6j+FwGUMOtuxQIR9bnkPbKTqFM="},"senderSigningKey":{"public":"Bb4qkKPQ/Hh596dYDK3kM67ZKHURT5VxY5ijEDpEubxH"},"senderMessageKeys":[]},{"senderKeyId":987871587,"senderChainKey":{"iteration":0,"seed":"ThHdYTwzp8hB+p6dj6j+FwGUMOtuxQIR9bnkPbKTqFM="},"senderSigningKey":{"public":"Bb4qkKPQ/Hh596dYDK3kM67ZKHURT5VxY5ijEDpEubxH"},"senderMessageKeys":[]},{"senderKeyId":266638680,"senderChainKey":{"iteration":0,"seed":"j1p9ADQi2SZJy9GmYAkK0Xf4B5/D0786iqKwA1Cn0Bk="},"senderSigningKey":{"public":"BS+cI8SF7OhsNjbkPspDh8KY5pTXvHGsEJ1v61S7w1Q/"}}]