[{"senderKeyId":1307808359,"senderChainKey":{"iteration":13,"seed":"/wG2pGkKlxv5b6rX2TIMEGJ548UlvqzLFalVz+QsasI="},"senderSigningKey":{"public":"BRR6t3t2kN//FAvOt3udGB04wccAu9aPqiHaLSKLuzwv"},"senderMessageKeys":[]},{"senderKeyId":1340656089,"senderChainKey":{"iteration":1,"seed":"WWvi+fRCKP0pT02vRkH/IFs6ee7NMxPJFEpyxPo1poA="},"senderSigningKey":{"public":"BQPNH7J+agy4CV3QRxqhHyUGirrdSxzmCdRQXcLQRDp7"},"senderMessageKeys":[]},{"senderKeyId":2007036470,"senderChainKey":{"iteration":0,"seed":"idganfNCwChCR7lwbBruBD/oIs48FuWK2EQGbzDoebA="},"senderSigningKey":{"public":"BR6dQgO4lc4g3vO2sFQO5HRVH/Okn5B7N7NigVBj8gsG"},"senderMessageKeys":[]},{"senderKeyId":1839446209,"senderChainKey":{"iteration":0,"seed":"NCQRNbaoV/l4TbkwCf5zDGsvcq9MArR/2bD50CBFzHc="},"senderSigningKey":{"public":"BZuM2PNk6dJqgWEgOt5qjC7uYNqY1XC+4DdEDpjkPgEm"},"senderMessageKeys":[]},{"senderKeyId":1252526112,"senderChainKey":{"iteration":0,"seed":"/am0ZXkKSqS6Alzs41occgTjH90uiSuyIqsJwLjLEUA="},"senderSigningKey":{"public":"BaVz0ejHfORZtjAIr0qMzVlyRIVRH7Cb7j3FiB2dYxtS"}}]