[{"senderKeyId":1299800330,"senderChainKey":{"iteration":157,"seed":"OJ+BALFky5i6kZLpla5lPyW++zjaW0rTEmeazJSSF7g="},"senderSigningKey":{"public":"BXuZjuVWohLrmJrp0WqtuGAq5js3zIqi96JL1JLgECFA"},"senderMessageKeys":[{},{},{},{},{},{},{},{},{},{},{},{},{},{},{},{},{},{},{},{},{},{},{},{},{},{},{},{},{},{},{}]},{"senderKeyId":1299800330,"senderChainKey":{"iteration":127,"seed":"d2aKYyoLUP1lqJhLp+aciSLKZ7vewLkFCVEz+PTnbeQ="},"senderSigningKey":{"public":"BXuZjuVWohLrmJrp0WqtuGAq5js3zIqi96JL1JLgECFA"},"senderMessageKeys":[]},{"senderKeyId":1299800330,"senderChainKey":{"iteration":141,"seed":"nGaT3Z7HFYHjCyL1tLeQHhs5OqGeA4pXJyP8aeMay4I="},"senderSigningKey":{"public":"BXuZjuVWohLrmJrp0WqtuGAq5js3zIqi96JL1JLgECFA"},"senderMessageKeys":[]},{"senderKeyId":1299800330,"senderChainKey":{"iteration":145,"seed":"pnLU5s2wvZQ/SVChls8nJYKqs206mgfO2rqXMmKZxJc="},"senderSigningKey":{"public":"BXuZjuVWohLrmJrp0WqtuGAq5js3zIqi96JL1JLgECFA"},"senderMessageKeys":[]},{"senderKeyId":1299800330,"senderChainKey":{"iteration":155,"seed":"FwN8yLXfsfXm6E17MdW2yzmPUJF6g3XbNWnIs4CQq+o="},"senderSigningKey":{"public":"BXuZjuVWohLrmJrp0WqtuGAq5js3zIqi96JL1JLgECFA"},"senderMessageKeys":[]}]