[{"senderKeyId":370646854,"senderChainKey":{"iteration":0,"seed":"XFMLfVDKlJ05GB9oZDmMa998chLbB9cojVzhe+Q+fdk="},"senderSigningKey":{"public":"BR1OCg5lpCQh1epncPiJYd5OMuJeHwQ9X0JQbm4YH5xr"},"senderMessageKeys":[]},{"senderKeyId":200576172,"senderChainKey":{"iteration":0,"seed":"+UBMBVOFCkwQ1XaFtVCMFSSDx1lHJppEWWsDyIsXt94="},"senderSigningKey":{"public":"BavfURjKOPSFUbY9JUet9tE27ctHRbpD+oS7AAbyfl9y"},"senderMessageKeys":[]},{"senderKeyId":682543598,"senderChainKey":{"iteration":0,"seed":"BzD9vm5QCoMxwJJ9qt5Of1GJ7rDhPLr+0TjA/b8EJP8="},"senderSigningKey":{"public":"BWSeN4uqJkQXUAADU9ia3UjpnqbIqzRvwLJ2rSvMaDNJ"},"senderMessageKeys":[]},{"senderKeyId":373064346,"senderChainKey":{"iteration":0,"seed":"D7JocBT43bc/AwEzuV35Zc3peEpc56fl1+blCdEjZBs="},"senderSigningKey":{"public":"BY0Fx04c57r4fRhROC/0/5Cu0ze8IHczFseX3FQpUi0+"},"senderMessageKeys":[]},{"senderKeyId":156313428,"senderChainKey":{"iteration":0,"seed":"o8hthjE4aLDFGyRtZfOCFuH8EXribuBFHN0wA5L20qs="},"senderSigningKey":{"public":"BU39rJpYvpUbC8Et/hnw7ec2xj6K9XTnSAlNXeGwZ3IA"}}]