[{"senderKeyId":376500105,"senderChainKey":{"iteration":0,"seed":"HxV7bUncJheZzQF1eIpKoCDFlXNX6WiOSr+RvuQFrC8="},"senderSigningKey":{"public":"BZzqeL8QnLA995CNbi5Yup2p9dPsxZyhc+uVeCFEjOB3"},"senderMessageKeys":[]},{"senderKeyId":1041439636,"senderChainKey":{"iteration":0,"seed":"CG2KzjktWLypYoO61YuR9Ph94hTvoeIpoc7hno4NObk="},"senderSigningKey":{"public":"BXd/N8laX2yq32d8NPkqYRq0F1bwkPA4ySuUwwHNsVIl"},"senderMessageKeys":[]},{"senderKeyId":1144052430,"senderChainKey":{"iteration":0,"seed":"PklIaWRpfyXZHNWHp92JbWOFcGA8cgXvIMm/Gs5Ndrc="},"senderSigningKey":{"public":"BfsQd/NubrQCdeIW0Y01qZhPuHqlavYaYNJ2Nu4Ys2w8"},"senderMessageKeys":[]},{"senderKeyId":546384472,"senderChainKey":{"iteration":0,"seed":"CSCu3CdQKd8sQpXRbn/iyy/SWuBgtLc+c/IPkVNzj48="},"senderSigningKey":{"public":"BaQo93r23wkqAdw1Zemvv0U1l6r65k6soXfhEtbZQH0S"},"senderMessageKeys":[]},{"senderKeyId":264587208,"senderChainKey":{"iteration":0,"seed":"D/W2YlgEelqGZRFiMCX15I+WbQIkaW8aSOKgonPoiJc="},"senderSigningKey":{"public":"BVqWaJZgRS+TiLu6NJyQY/Yy+icHVIBkQe6u2svA5y81"}}]