[{"senderKeyId":1920408610,"senderChainKey":{"iteration":29,"seed":"vyhd5n6qfSmyq5BWcqbJ4fC76shqSp/tlO6i6ZPPWyg="},"senderSigningKey":{"public":"BT+/cMRJ+RL3EUtkSOvADJ82T8grf2nyEl9kQoE9ZXFk"},"senderMessageKeys":[{}]},{"senderKeyId":1920408610,"senderChainKey":{"iteration":10,"seed":"uk3iIMknUdzusIqiF+4HvmHg/dTrgJ62sa73QhYkwtQ="},"senderSigningKey":{"public":"BT+/cMRJ+RL3EUtkSOvADJ82T8grf2nyEl9kQoE9ZXFk"},"senderMessageKeys":[]},{"senderKeyId":1920408610,"senderChainKey":{"iteration":12,"seed":"9AHrzGgMvZ/2iHrAmqBfb/7crHyuoK9SvyAXRpwMewY="},"senderSigningKey":{"public":"BT+/cMRJ+RL3EUtkSOvADJ82T8grf2nyEl9kQoE9ZXFk"},"senderMessageKeys":[]}]