[{"senderKeyId":1130438129,"senderChainKey":{"iteration":43,"seed":"yVWzplqZqd1l1Efaz4BNkcm1jeInEK2WxX3hmJVw3H8="},"senderSigningKey":{"public":"BeufDuzDTJ7ggCxkFuiVlobsD4OGnrv/r9iPKqmB1Tgy"},"senderMessageKeys":[{},{},{},{},{},{},{},{},{},{},{},{},{},{},{},{},{},{},{},{},{},{},{},{},{},{}]},{"senderKeyId":1130438129,"senderChainKey":{"iteration":25,"seed":"UejhFIeUGEtlJ0KBd7mF1G2nE6qbKYGX2KxspYe4d98="},"senderSigningKey":{"public":"BeufDuzDTJ7ggCxkFuiVlobsD4OGnrv/r9iPKqmB1Tgy"},"senderMessageKeys":[]},{"senderKeyId":1130438129,"senderChainKey":{"iteration":31,"seed":"cIlADviWeuYBj6rl6tbMrnjGmZdlqjRKMJNJB4RaGIg="},"senderSigningKey":{"public":"BeufDuzDTJ7ggCxkFuiVlobsD4OGnrv/r9iPKqmB1Tgy"},"senderMessageKeys":[]},{"senderKeyId":1130438129,"senderChainKey":{"iteration":33,"seed":"w/LKvyhU7R+dZiCuT/ty1Uaf128IIIjGBe9voVlVLsc="},"senderSigningKey":{"public":"BeufDuzDTJ7ggCxkFuiVlobsD4OGnrv/r9iPKqmB1Tgy"},"senderMessageKeys":[]},{"senderKeyId":1130438129,"senderChainKey":{"iteration":39,"seed":"p3lGGevnArNUqoXCPpJcgk3JceqdHM1HtSVroirmVEM="},"senderSigningKey":{"public":"BeufDuzDTJ7ggCxkFuiVlobsD4OGnrv/r9iPKqmB1Tgy"},"senderMessageKeys":[]}]