[{"senderKeyId":1314347433,"senderChainKey":{"iteration":0,"seed":"DzWII7gq2x7oFf0sqAUwo0asVM4qaRKfgenov+4AM5s="},"senderSigningKey":{"public":"BXTNStM1aX+zPz/CxcwD2xyGOlb8AjbI3DSZPOZR6DE3"},"senderMessageKeys":[]},{"senderKeyId":1639485704,"senderChainKey":{"iteration":0,"seed":"AFXQVuB8hXGXBqqis0dOorkYOzfoZO9hFmrMXy2hPo8="},"senderSigningKey":{"public":"BdrFxXXHrlm2zx/V3LQP6dRmVL/6xEuGaY89rlbwfL9J"},"senderMessageKeys":[]},{"senderKeyId":729938321,"senderChainKey":{"iteration":0,"seed":"p4IkSSz9IhohemRDX9DEcEwW8LXfDVDMSJw5cBf2ltA="},"senderSigningKey":{"public":"BRlmPnYwc0i9I2wGEvEsXcqLHiN3TXWnjnXXxpIs7EMW"},"senderMessageKeys":[]},{"senderKeyId":355766064,"senderChainKey":{"iteration":0,"seed":"Gb4qV7DCINImhtnT9F6jHZeA1a9yzuAemZfLshG9+Sc="},"senderSigningKey":{"public":"BYLoMaTRDjNo6Q6XbycyGWChlniWx2lJPrx81WEs/YRb"},"senderMessageKeys":[]},{"senderKeyId":364766836,"senderChainKey":{"iteration":0,"seed":"H6Fpt9lOkGssE8plNO4IjQYlxdPhOY+1cqKWOkhhLOo="},"senderSigningKey":{"public":"BTE9GU6K1q6Y26I6kB6N7ovjM0unTZNhMpD81C4orHFo"}}]