[{"senderKeyId":998109853,"senderChainKey":{"iteration":0,"seed":"jCoAgQg8QkwbK+SNLV1y4A/k9p3bqrK9G4Gx5uYnKeQ="},"senderSigningKey":{"public":"BQi34yFWpB0r+a19xVjAXDEF7/0JVrXZxNECC97cbhQR"},"senderMessageKeys":[]},{"senderKeyId":129529887,"senderChainKey":{"iteration":0,"seed":"qe8ciY0vWls+1JPCL3gHVwe69nqs+zB+K+isJWdbMCA="},"senderSigningKey":{"public":"Beo/mFz5zsLy/SiG2m4Ed8m7gWCOSFRda4kus90dkKJ8"},"senderMessageKeys":[]},{"senderKeyId":104190759,"senderChainKey":{"iteration":0,"seed":"Xh47w9RcntqeoWqwpkSu0a2f0U2EibKI6YZfoPPO4Cc="},"senderSigningKey":{"public":"BVRwVtfVNzC1pHdYIKsLCMtoTSkLVDlWzfKLx+RAOph7"},"senderMessageKeys":[]},{"senderKeyId":1614338341,"senderChainKey":{"iteration":0,"seed":"JKvo7oCwkvm9J+0wShPL5Q4GMxtzaDw87zH8aAFgNdg="},"senderSigningKey":{"public":"BfimZkdGF5jv1MHe3PzCZA2Yp+LUvbWa0LUoJUvAv0Ms"},"senderMessageKeys":[]},{"senderKeyId":2100403277,"senderChainKey":{"iteration":0,"seed":"JcGKOiD7R0xDh/PLpD5CBN7nBkCUxTTWCNT7S/99fgQ="},"senderSigningKey":{"public":"BTERAnt1CcqaQQMHYpFXjHB3LQwQ3pUWJooizBEQIxNk"}}]