[{"senderKeyId":1390749593,"senderChainKey":{"iteration":17,"seed":"nN4Pqu2vu9+N+Rv2hwRi04oIFutzqiTWngxHrAqi9jE="},"senderSigningKey":{"public":"BYnVXWGW1oKB5SwqNzLKt+O1kkYXAqp/paSvD8nu+kFW"},"senderMessageKeys":[]},{"senderKeyId":940614513,"senderChainKey":{"iteration":51,"seed":"kDPC9Cbh0HDDafzKdGS7TV3nXfo2eXT4lQKyJrfn2Qc="},"senderSigningKey":{"public":"BdTfOZNWmvuFuEbTgBYSTl8Y+nlQYtIwiV+Wdv45d6gd"},"senderMessageKeys":[]},{"senderKeyId":940614513,"senderChainKey":{"iteration":45,"seed":"ndVIIxtahLXdqwDWxqFgAPS9fcYcdm43Y2qR8uB3uUE="},"senderSigningKey":{"public":"BdTfOZNWmvuFuEbTgBYSTl8Y+nlQYtIwiV+Wdv45d6gd"},"senderMessageKeys":[]}]