[{"senderKeyId":987320509,"senderChainKey":{"iteration":0,"seed":"Rv/Bkq+51iEmmNqYRPhD5F83f9YrvHRU84X8mgtNa+k="},"senderSigningKey":{"public":"BeM8CP26kL9NMbgIJ6erzJI/A+D6EiHOGsKs656JR6NT"},"senderMessageKeys":[]},{"senderKeyId":1109825113,"senderChainKey":{"iteration":0,"seed":"4eQ3F6IXIyq1B8rL4CKRbvedD5egNglcfAE2c+yLAvo="},"senderSigningKey":{"public":"BfroTTF4csZ9BY+BK1Tt623RXwplnCMRkZXmCz//Wv57"},"senderMessageKeys":[]},{"senderKeyId":712141885,"senderChainKey":{"iteration":0,"seed":"O6g6HKsz1bONhQcMEQHgFjt9C6a2+5LpPheTLiwePGs="},"senderSigningKey":{"public":"BbOmfvzu7tYvQ5TtnBZAsAvxblTWKEBnQi4ZL3s0lBN4"},"senderMessageKeys":[]},{"senderKeyId":712141885,"senderChainKey":{"iteration":0,"seed":"O6g6HKsz1bONhQcMEQHgFjt9C6a2+5LpPheTLiwePGs="},"senderSigningKey":{"public":"BbOmfvzu7tYvQ5TtnBZAsAvxblTWKEBnQi4ZL3s0lBN4"},"senderMessageKeys":[]},{"senderKeyId":1350252763,"senderChainKey":{"iteration":0,"seed":"F8fSkSI4j1gR/Bq35LLugkJ334M9Vs4CnOotFYxZhSc="},"senderSigningKey":{"public":"BRODRnNzKvpMjmNJiTyS1C2IIB5uAF5ihW+x5bEDaplU"}}]