[{"senderKeyId":855914186,"senderChainKey":{"iteration":0,"seed":"siCLEdohVn3AkjeXQCNZ4dOHlBwcutB9FN/BPas4Vq8="},"senderSigningKey":{"public":"BViUhiu2EBLq5uXenbvO5qk1R90WA0caVqkzkEEdf3cg"},"senderMessageKeys":[]},{"senderKeyId":329548134,"senderChainKey":{"iteration":0,"seed":"GuZRs5WSAsWP2Df59mV2kCBtecnMKfnomdWvg1o0Kek="},"senderSigningKey":{"public":"BUpQdNNeCmjE6sw/ABGCnL/PFH9QpWxBhJg5k1GIS75+"},"senderMessageKeys":[]},{"senderKeyId":1678654745,"senderChainKey":{"iteration":0,"seed":"5RYoKXksDzxTCNF1wWmmRvvg+K3v3ZNth3aTbktWQ34="},"senderSigningKey":{"public":"BdQdUMulNhLlAAt55aqaIC3XTRSGc+7OisdQR63JXMk1"},"senderMessageKeys":[]},{"senderKeyId":1678654745,"senderChainKey":{"iteration":0,"seed":"5RYoKXksDzxTCNF1wWmmRvvg+K3v3ZNth3aTbktWQ34="},"senderSigningKey":{"public":"BdQdUMulNhLlAAt55aqaIC3XTRSGc+7OisdQR63JXMk1"},"senderMessageKeys":[]},{"senderKeyId":29925150,"senderChainKey":{"iteration":0,"seed":"Pc6ghCPX16tE0/9CvwBXRyMHhzsks3shB7m+3PE5Uj0="},"senderSigningKey":{"public":"BcFSK/Y9zdbNjgaZ/IzwXgaJ3H/g3eZBQ2xWYe7+snMq"}}]