[{"senderKeyId":1901550464,"senderChainKey":{"iteration":0,"seed":"v66qKzTR5qC5ZWnZNA3gr6NvH2/zpYQP5DRPYw6VnDE="},"senderSigningKey":{"public":"Bc2IdmQPZB3vsI+eU7LGUxvPb1fE3TAeMu7y+RTTYmh+"},"senderMessageKeys":[]},{"senderKeyId":1961934381,"senderChainKey":{"iteration":0,"seed":"AjzEmQzHtIaXsrnk/ASHbjT8fISpfboZp5A6hGYaSRo="},"senderSigningKey":{"public":"BZv5a6Kgq/8tXk6De8STyR2CYcCHhGQw76yeO+/wuwor"},"senderMessageKeys":[]},{"senderKeyId":1470612063,"senderChainKey":{"iteration":0,"seed":"oIAvVNY5yp5zm9MVN3frstcSGiZhfh9FKd1c6g3k/oQ="},"senderSigningKey":{"public":"BbovzIOMoJA7rejrgiclvMdiKTzNPDME0WoWbPADh+4o"},"senderMessageKeys":[]},{"senderKeyId":1885560461,"senderChainKey":{"iteration":0,"seed":"eqjooJ9GRv59nCHU5GMAhG5VFjGnONEaNCICRaiaGWs="},"senderSigningKey":{"public":"BSC+eekZmfBinu0ly6Un490m7GRSnMZr8yNpLbnEFkpf"},"senderMessageKeys":[]},{"senderKeyId":1290776427,"senderChainKey":{"iteration":0,"seed":"N2rHZc/zayPVVi53xCiirgqpy9oGMhCNBNWQBxp7gRo="},"senderSigningKey":{"public":"BV6uS21NwP/vyA06HsUyd65aCWknPOpfG3tYk5agQUtm"}}]