[{"senderKeyId":266516030,"senderChainKey":{"iteration":0,"seed":"U2g8T4d8QBhoSJIi492M73WvTkKtEPp/zdFvFaQ3fUo="},"senderSigningKey":{"public":"BQZmEjmJHMVzEwDFYMDf+kH4tGXdWtUDq3DoDP5pcvs+"},"senderMessageKeys":[]},{"senderKeyId":805370535,"senderChainKey":{"iteration":0,"seed":"291e/VOdvP8E/3aXqb9iy0Wg+8kGjkZ+6Y4bRS1jND8="},"senderSigningKey":{"public":"BSdm6ND3jt4J8N5TmkyK7gmAvsg1oXZeHs4yffcCjuYk"},"senderMessageKeys":[]},{"senderKeyId":219712412,"senderChainKey":{"iteration":0,"seed":"AvDfn6RQA5EmmfykXXZQEY6ZHcMzWGqj+/ishKQFVbo="},"senderSigningKey":{"public":"BYeEHHcUN0M7PHkDwm8ii6JZbQm+QZzvjGB9HSZV4QEY"},"senderMessageKeys":[]},{"senderKeyId":1693932463,"senderChainKey":{"iteration":0,"seed":"GAIE+4VwTCEt22MWmyAZV5+c2A1BjDmJY2CRvie/iKM="},"senderSigningKey":{"public":"BXIZH8VTW5l7ttsPVsFr1jb5NNeIBbMOWS++Feo9AVIz"},"senderMessageKeys":[]},{"senderKeyId":146084630,"senderChainKey":{"iteration":0,"seed":"WFTWzw9Y0JkQwnwAXiL80ctSaQ4+RyplfRoWEyn4aGY="},"senderSigningKey":{"public":"BUbuAJCML6QCym66hOP7UU4czYEOTjK8G3rz16LaOSB3"}}]