[{"senderKeyId":811678491,"senderChainKey":{"iteration":7,"seed":"qxyU0j3VmSCQrU4x0vSxjq6dYk6J7KtaZdQERD1pSc0="},"senderSigningKey":{"public":"BboXwXw1GfSSy1MhwqYDAPOtvW2Hzm97eqpUQsYYYcZx"},"senderMessageKeys":[]},{"senderKeyId":811678491,"senderChainKey":{"iteration":1,"seed":"0+sJyJsAdgZvQTcKQd/xuleBeZy2zyylGCMdajeJ4Uc="},"senderSigningKey":{"public":"BboXwXw1GfSSy1MhwqYDAPOtvW2Hzm97eqpUQsYYYcZx"},"senderMessageKeys":[]},{"senderKeyId":984276785,"senderChainKey":{"iteration":4,"seed":"IKd7eLgSCmGb6AH0FeYPzEpxPn6HGwMDcvny4sslD9Y="},"senderSigningKey":{"public":"BY096iPBzIBtt3/AHIePTcvBTRWASrpg3RcxM7b6QOg+"},"senderMessageKeys":[]}]