[{"senderKeyId":1241440948,"senderChainKey":{"iteration":0,"seed":"9hsuJ/7mKGRWuSjwK7fi0Ae3Exh8nP1sew3KgQuIMaA="},"senderSigningKey":{"public":"BSNi1Pc9m7Qm2g5ilVUgiqFslivIdYWjz9rECiq12r1o"},"senderMessageKeys":[]},{"senderKeyId":289497734,"senderChainKey":{"iteration":0,"seed":"C/nwm9lJhJ0LVLIvMappfM2o3V7ej4bvIiwnHwI9Jfg="},"senderSigningKey":{"public":"BXf99CT429WqCa56Ok+MDuUe1b2IKe32G9XluWNaeqku"},"senderMessageKeys":[]},{"senderKeyId":1722854851,"senderChainKey":{"iteration":0,"seed":"feFaVUL+tF1yxOMtWHnpZgmFOP8CAISnZRvfHrCCo/0="},"senderSigningKey":{"public":"BeWxVQywZsahQtXy4+JwudWce+3j1rqCYUrZf87uK108"},"senderMessageKeys":[]},{"senderKeyId":1997373252,"senderChainKey":{"iteration":0,"seed":"0i/I1K2n4RFSM8KzG2ivzjrNJOnC8kd0UqdXo3nasU0="},"senderSigningKey":{"public":"Bd85nnvBeB9xkhTKvdLUgEqdcOvzDyZfSxuB0QbRBKZ9"},"senderMessageKeys":[]},{"senderKeyId":1090468680,"senderChainKey":{"iteration":0,"seed":"Z2MYy4aV7BMQdzjiHRfrvun2w05q9AOgCfeclPUVDzg="},"senderSigningKey":{"public":"BV5mQMrwCmuMm6U7SmC+A8689qYP1bmKSofSWRBiuvQX"}}]