[{"senderKeyId":313217766,"senderChainKey":{"iteration":3,"seed":"c+DnvXaAbVIgN9SsRxrMONsEHuTCNJF+fij2k7Vsw6s="},"senderSigningKey":{"public":"BeWxuikv3PI1Yio4+J/DqZWE+Vy9ssn24SmuBmq4MJRY"},"senderMessageKeys":[]},{"senderKeyId":691401086,"senderChainKey":{"iteration":5,"seed":"nQPr7XJtYmkJOU+VmN4LhqWlRuGEpDdcNwfI0Ds7+6E="},"senderSigningKey":{"public":"BShqLjoZTAu1aZhB59jyy62mDp9r+REqED4+odY/wCh0"},"senderMessageKeys":[]},{"senderKeyId":956907733,"senderChainKey":{"iteration":1,"seed":"lhZbmBFR7Jf+Iwf7OeTggQ2iKDr2e3M+GmawJBreJGo="},"senderSigningKey":{"public":"BZ3wpzJHy01cJQ2I+RaQG1ZID8QZnEJQcyXxueyypxds"},"senderMessageKeys":[]},{"senderKeyId":1063369857,"senderChainKey":{"iteration":6,"seed":"Do7ujN8zcLK0DU0RbdlN/gtWElNaB4IIXJXlPcOgWcY="},"senderSigningKey":{"public":"BcX3gvFSq/JoqIuexJTQCocOD1+pPxCbI77YLos8XHoY"},"senderMessageKeys":[]},{"senderKeyId":912959124,"senderChainKey":{"iteration":1,"seed":"SUxQ4yt9TWt3tmfczOQ3N3tI8EpPc/vitYR1oHHnWyM="},"senderSigningKey":{"public":"BcJCWKlFscOBcEyT7zjkhQORuRjtTL0NDxztRg7k7IB5"},"senderMessageKeys":[]}]