[{"senderKeyId":1091059581,"senderChainKey":{"iteration":2,"seed":"gWAQfvkKeE3ON61k+7jYOViuCXePFL9YVVegiBiCXqY="},"senderSigningKey":{"public":"Bf1eTb4uG6Eq3aDHqA+TEySlIC8DZjnT8mzNPFfIVDxI"},"senderMessageKeys":[]},{"senderKeyId":1894446991,"senderChainKey":{"iteration":1,"seed":"vx/X5xOVkEZvFPXbqTKhQLVGQXxImVarXl5hGWTGYDQ="},"senderSigningKey":{"public":"BaFS+dIZX14mMLgQ4kIJEeVBlxRWrmaDm822egM8sQlx"},"senderMessageKeys":[]},{"senderKeyId":1833134373,"senderChainKey":{"iteration":42,"seed":"YLVc/pvcO7SLRt1QXYnIuQEh53TuxF0CUX0I3538+Mg="},"senderSigningKey":{"public":"BQURm8B3ZE8fjC1Q+2E/eOD9dPRwgjShqLw0bQZB12s/"},"senderMessageKeys":[{}]},{"senderKeyId":674841568,"senderChainKey":{"iteration":31,"seed":"tjPplu0HHQ/6PAxHZd5adHCZ1XYhl3SfUue/l5vHvuw="},"senderSigningKey":{"public":"Bd77h7yermpfQvRB5/bM7NPV4UMILrwgeQ6To3Gbh7JN"},"senderMessageKeys":[{}]},{"senderKeyId":1089984855,"senderChainKey":{"iteration":8,"seed":"BhRssatxcFh1DMffc+Uuyc1y8nviFHedicmbMlajeoY="},"senderSigningKey":{"public":"BTSf2oLKKc9VSTcRxxPV5rEtrIvHjLLGPTocsJ7kXPR6"},"senderMessageKeys":[]}]