[{"senderKeyId":256771092,"senderChainKey":{"iteration":0,"seed":"x73Mi/NM1iVfBBqyRut2MGv1XcwQ2ExiCY9PWkt3/nw="},"senderSigningKey":{"public":"BUVRMqKzeljVtoYJ/u1IdgcfNlGAGBhrcqz/0H+K0Wx7"},"senderMessageKeys":[]},{"senderKeyId":940147071,"senderChainKey":{"iteration":0,"seed":"OGh3jCU6/cHz4njNO0jkfFVR2JZmBBb0EIqQHe7PB04="},"senderSigningKey":{"public":"BUn6XqIN+QJ1IkcAXqj2cgXj2A07JxeOkZrfQNJz/EUZ"},"senderMessageKeys":[]},{"senderKeyId":1542186279,"senderChainKey":{"iteration":0,"seed":"xhgW2rtkBwO2XxlT2GQZ+EBSDE6bL288taUWv8SZUfQ="},"senderSigningKey":{"public":"BbXI05ViMesoCK/AguTFM5CaPoMX16V2rJZqE8bkHnlv"},"senderMessageKeys":[]},{"senderKeyId":961491824,"senderChainKey":{"iteration":0,"seed":"xWW/CdrxMI035FFw0+iFVIZawH/9os93itcQxvLuVmU="},"senderSigningKey":{"public":"Bb7F6vI1+i7YLTosqa7mppAgW+G2WpB6snYcOggVz28P"},"senderMessageKeys":[]},{"senderKeyId":1462429378,"senderChainKey":{"iteration":0,"seed":"dGzIYQonODWLR1UbmMPnmxblP/jqb0s/fAthEFDDyhs="},"senderSigningKey":{"public":"BfSCl2lmaeah7jfvwrlpFXhKUfmqFEkOzAapIeXjBXlj"}}]