[{"senderKeyId":1960478911,"senderChainKey":{"iteration":6,"seed":"c/EpdLGVExxFWcnRSQ5jg2JMTj+qLErSWRKJMYAxHdA="},"senderSigningKey":{"public":"BZRovV+8CV8KEYeKFlixwbmHs2L5Jfd69kQveE8JrdJ5"},"senderMessageKeys":[]},{"senderKeyId":1619707120,"senderChainKey":{"iteration":6,"seed":"kEXBOgfYySlz2mGNSJ6tSNkD8J/WpRWuq6E7IYClvDw="},"senderSigningKey":{"public":"BcGomsnJJks9+3exj83fJQ/bNcR92NQqEBl+8o4hjCYq"},"senderMessageKeys":[]},{"senderKeyId":1619707120,"senderChainKey":{"iteration":4,"seed":"aYpqv7ZplVSJ2aQVtTy6USu2e9ZWNpQ7o5CTTTJo+Tc="},"senderSigningKey":{"public":"BcGomsnJJks9+3exj83fJQ/bNcR92NQqEBl+8o4hjCYq"},"senderMessageKeys":[]},{"senderKeyId":1294538090,"senderChainKey":{"iteration":16,"seed":"O8Elmjfj8iB9kOmi/1IZHUieOuhR1zDPwTaLC5lhR7A="},"senderSigningKey":{"public":"BX2J7XmJYMLUB01EetdV2iPMwN720tMhs50uvCxDVMMS"},"senderMessageKeys":[]},{"senderKeyId":768068545,"senderChainKey":{"iteration":30,"seed":"1+VlT2s6Jy1Mi9EmzhNb4rmbhwTJS+MSyYOhgd6hzlo="},"senderSigningKey":{"public":"BZpqzbkyedAIob3bT56wfmF4wAuUVrGj2b1VMUDQphY+"},"senderMessageKeys":[{},{},{},{},{}]}]