[{"senderKeyId":1197278484,"senderChainKey":{"iteration":27,"seed":"e+ZFd2h1xrgpT131Tof2sSYsdA7SQ37f5lYrLeZbDnQ="},"senderSigningKey":{"public":"BQj+3su828AIz3nfjWzqeCyNIYCvUJvKhXY0LziK/IBL"},"senderMessageKeys":[]},{"senderKeyId":1197278484,"senderChainKey":{"iteration":26,"seed":"eiwCqw0fILPjmQ+YUQLLsrqbJdFWJZu6ilfqKhYAm6Y="},"senderSigningKey":{"public":"BQj+3su828AIz3nfjWzqeCyNIYCvUJvKhXY0LziK/IBL"},"senderMessageKeys":[]},{"senderKeyId":1197278484,"senderChainKey":{"iteration":26,"seed":"eiwCqw0fILPjmQ+YUQLLsrqbJdFWJZu6ilfqKhYAm6Y="},"senderSigningKey":{"public":"BQj+3su828AIz3nfjWzqeCyNIYCvUJvKhXY0LziK/IBL"},"senderMessageKeys":[]}]