[{"senderKeyId":320590595,"senderChainKey":{"iteration":15,"seed":"zQXnzvDcE1aUzdX93zzXI02t8Myzlkt84c/xS31lF9Y="},"senderSigningKey":{"public":"Bf8r6G23v+yV41+4xVSu54HPASU5gf/VNA/P70hpy+Q2"},"senderMessageKeys":[]},{"senderKeyId":718384306,"senderChainKey":{"iteration":2,"seed":"tv8sQHsmM3QlSVFbVXwcb1e4lgc7p6Gb1J6qPmfx1KI="},"senderSigningKey":{"public":"BR5AmrXUnhiuS9ht+3AhwKce19RJ95I4pV39YKmGg7Zt"},"senderMessageKeys":[]},{"senderKeyId":1462198947,"senderChainKey":{"iteration":3,"seed":"teqT2c/lRZXiBIC2xerDCBRUsvdDlsnaiEpLXr8Ffv4="},"senderSigningKey":{"public":"BVvvGjwjR1oeRQGDm1HfNu5UTfJxUjA5pge0VMfwMTch"},"senderMessageKeys":[]}]