[{"senderKeyId":360929310,"senderChainKey":{"iteration":5,"seed":"yCV99sNKrnAEwFfI1GGnovl1UrjRUgg+3hRPLJ2wBz8="},"senderSigningKey":{"public":"BYTLddTa4DjO5mCXONKFj18i7eOwIbUCKMGWslf8lY4T"},"senderMessageKeys":[]},{"senderKeyId":322437509,"senderChainKey":{"iteration":3,"seed":"Ir/6WqLWMGz/3w3mjLDvdnEB9r63M8XwWFTuGVL+qrA="},"senderSigningKey":{"public":"BYYCX3N3mvA5SuhjcJVk+u7ibW8TFsaW41qSWkFTl3db"},"senderMessageKeys":[]},{"senderKeyId":164716339,"senderChainKey":{"iteration":3,"seed":"BYkQuDekAqYCiHczY4E7WGSYBYc/9I7793IQd+4G9FU="},"senderSigningKey":{"public":"BUWs4uAcxVGX8uJHLsTffmeoafP/1hfhgXjo+HPuiBwy"},"senderMessageKeys":[{}]},{"senderKeyId":241736491,"senderChainKey":{"iteration":29,"seed":"xWwZS+wcHJeS5wSjE1z22h7fH8nD9kc1lPtuyD3oWsw="},"senderSigningKey":{"public":"BTLCBfJr08vSrQu0QmFyQLZPR8eypd2mrr7XMwoqKYhc"},"senderMessageKeys":[]},{"senderKeyId":760882602,"senderChainKey":{"iteration":0,"seed":"8Ho4ZMD0fF1zsyTqBx6PFgVbbuejL3ir+pflkE+xqGY="},"senderSigningKey":{"public":"BQnU+EXya6gdObnEJrYnueMSMIVbnNpe30AHHUm2SiEH"}}]