[{"senderKeyId":1638144152,"senderChainKey":{"iteration":3,"seed":"/NdpbsQYLhVss8s3/Zvwe4EthbyicgiEDyj6wGuuB3c="},"senderSigningKey":{"public":"BS+x440TxWLsdGCzZF1Um0zSxp0ME+gbIDhW1Y53jLdi"},"senderMessageKeys":[]},{"senderKeyId":1638144152,"senderChainKey":{"iteration":1,"seed":"FwrKo47XNoUP7zssDoa5IgWQjjipe3nFMCntRifWcck="},"senderSigningKey":{"public":"BS+x440TxWLsdGCzZF1Um0zSxp0ME+gbIDhW1Y53jLdi"},"senderMessageKeys":[]},{"senderKeyId":1638144152,"senderChainKey":{"iteration":2,"seed":"1AI70hz1N2v1Wd2kcuRb7W+kHYtL8JQHQt0TptG0uUo="},"senderSigningKey":{"public":"BS+x440TxWLsdGCzZF1Um0zSxp0ME+gbIDhW1Y53jLdi"},"senderMessageKeys":[]},{"senderKeyId":606335965,"senderChainKey":{"iteration":4,"seed":"Y6e0e9Tm+s+Z7amAZIS97MYh1QXzLCDHc35iYLkwyR8="},"senderSigningKey":{"public":"BeB2CEvdpoK11KadwCwRuYlIKw+bzb0BcJvlTnUWVwxF"},"senderMessageKeys":[]}]