[{"senderKeyId":1929347891,"senderChainKey":{"iteration":1,"seed":"49Gav3b3p5Lw0t/6vWiQWqiAMejiR6k4hVX4JKCiBtM="},"senderSigningKey":{"public":"BVpeKx6BrrOW13tpY1Ctd3WYswkbxYQlFeUGpygHCjdS"},"senderMessageKeys":[]},{"senderKeyId":778019290,"senderChainKey":{"iteration":2,"seed":"lZ3udLhGMtyyhF/lO8BsqLbD3VeHHPoh9H9C55YOXi0="},"senderSigningKey":{"public":"BYtc94Sh175KeBE76KufJGTY+eragj6jQw/Y18ZmcFds"},"senderMessageKeys":[]},{"senderKeyId":1488106117,"senderChainKey":{"iteration":2,"seed":"0XnH8tmv8S5MBaPZMEYdoIdgeL8JHWrv60ltVrCPgIo="},"senderSigningKey":{"public":"BXa5pN7IlPZ0efqD5gktyMHnO42ZQr8cVOg57MeVkDAR"},"senderMessageKeys":[]},{"senderKeyId":1415297738,"senderChainKey":{"iteration":1,"seed":"ioTZxV6M/6lubOHOOzlZy/k3Ipo+YZJXrezWaUhhwvQ="},"senderSigningKey":{"public":"BV9AE3WoYIrtNdBOqodnKSdwyEf7wTZdZxVfn/caDmF5"},"senderMessageKeys":[]},{"senderKeyId":2056947824,"senderChainKey":{"iteration":1,"seed":"d2r4aVzgGHpu7lqgYvNatZdC/CYfx8JSko1BLEoCcbo="},"senderSigningKey":{"public":"BS2/70lXUL2xL0tBp392mk5hcZyejI8Czx3Llu6R0o48"},"senderMessageKeys":[]}]