[{"senderKeyId":867635107,"senderChainKey":{"iteration":0,"seed":"jz1687hVt+xTapGGz3qqU6x1pAL/rVE8chmWNR3tsyk="},"senderSigningKey":{"public":"BZINwzgxOnvVOnfpiihIhbm4nAbNXEsRzEuQ5Jg3Flxm"},"senderMessageKeys":[]},{"senderKeyId":1018143479,"senderChainKey":{"iteration":0,"seed":"ViY+r/6cBmgZDfdJzMrcucgJzmUYSh18oJJuQnVg3Tg="},"senderSigningKey":{"public":"BYEwqszvZut/evpUhZMebG3oY1AmX5hTh3JI2cU5CJQV"},"senderMessageKeys":[]},{"senderKeyId":1961669057,"senderChainKey":{"iteration":0,"seed":"zTJnArOO9v3XgpXFLdqSG+HyZuP5J3d2laFvogneEdw="},"senderSigningKey":{"public":"BVT2mOxVyq2pBTu4cBNLL8OgAAQZDqp5pY65ZRIDAgs7"},"senderMessageKeys":[]},{"senderKeyId":1566090424,"senderChainKey":{"iteration":0,"seed":"lduomAK7yKzoD7q5wjCiFAlLjKpGGpz9t9JUE6afMRA="},"senderSigningKey":{"public":"BSAMcMdo6G07iaiQpTM9YU4ZAW/x98+cfRPnuJoGLUpW"},"senderMessageKeys":[]},{"senderKeyId":2075692640,"senderChainKey":{"iteration":0,"seed":"HxFNB3cGkVODTfH8oo2d/Od55DG5tUHsbtoG479o4bA="},"senderSigningKey":{"public":"BVSszgqF12vXSQ1JBZixMckJRlFRJPXmJCSCeJWV1jh0"}}]