[{"senderKeyId":1319945725,"senderChainKey":{"iteration":239,"seed":"HDUaWW2KiV5uusmTvahUqTCj9xcheSdNTUIbJ9rymRI="},"senderSigningKey":{"public":"BaBjaPwYNqn2ezHDr6WcfCxAPj3AFJyLKjK6hpRdc0st","private":"aI7c9kX080ZO2PamBHAO5XrxTCwsn4nyRnDOLlY95XE="},"senderMessageKeys":[{},{},{},{},{},{},{},{},{},{},{},{},{},{},{},{},{},{},{},{},{},{},{},{},{},{},{},{},{},{},{},{},{},{},{},{},{},{},{},{},{},{},{},{},{},{},{},{},{},{},{},{},{},{},{},{},{},{},{},{},{},{},{},{},{},{},{},{},{},{},{},{},{},{},{},{},{},{},{},{},{},{},{},{},{},{},{},{},{},{},{},{},{},{},{},{},{},{},{},{},{},{},{},{},{},{},{},{},{},{},{},{},{},{},{},{},{},{},{}]}]