[{"senderKeyId":329791022,"senderChainKey":{"iteration":0,"seed":"fbUWbJD1a7MrD3mzC/C97C2I++5PxjDDTOQgalRl8AU="},"senderSigningKey":{"public":"BXDWbpM6EBdOtoZ3mG3YHtRXW6g2H1RUdzXEefwHeuFw"},"senderMessageKeys":[]},{"senderKeyId":1156249068,"senderChainKey":{"iteration":0,"seed":"7gF1/9EwW04EZ/YwW4W8pd5t0Ib0vII7K0NEdZAIncM="},"senderSigningKey":{"public":"BVIOC+IFH5iAJ1jAUPmC1wnqeaSSXdnumXYt5Yw/LxUK"},"senderMessageKeys":[]},{"senderKeyId":119355538,"senderChainKey":{"iteration":0,"seed":"c8CmYZO7tqpO5j+1iU3cCNSzVdxQ5QRaeKHGg3rJADk="},"senderSigningKey":{"public":"BX1UetEW+CnsMGog0tmKAoZrYFX0aDnMrz98M1GDx74p"},"senderMessageKeys":[]},{"senderKeyId":1730418589,"senderChainKey":{"iteration":0,"seed":"c91kQY2tm6nI7lmcxnaVwAInXDLgmOccXzcr/dZy7jo="},"senderSigningKey":{"public":"BZ1qnEJ1E5PaKHkc7NtAikAfrId3JFLl6csoUGD4uiMc"}}]