[{"senderKeyId":1990101865,"senderChainKey":{"iteration":8,"seed":"vH9q6V8zEhqYRoghG4xhweElvUmO7qLfsrwpRZUyvPg="},"senderSigningKey":{"public":"Ba44HcB9HqWF7AJVFV4D+rPI51tQ5H+X6NknC5SY1xll"},"senderMessageKeys":[]},{"senderKeyId":1968017849,"senderChainKey":{"iteration":22,"seed":"eT+O2SSSLY1BlCQVYeTuT6SxUOyiOQJYZidGpBBGqQI="},"senderSigningKey":{"public":"BZge3VjrkCYpzxzOTc+cAIHX3/djVUK7XJprSOeoqHpx"},"senderMessageKeys":[{}]},{"senderKeyId":1968017849,"senderChainKey":{"iteration":3,"seed":"1z3m0/qiwHWRQsHb+gJ9F8kpKT/Ey9vCcLiSqhoUkLM="},"senderSigningKey":{"public":"BZge3VjrkCYpzxzOTc+cAIHX3/djVUK7XJprSOeoqHpx"},"senderMessageKeys":[]},{"senderKeyId":766238798,"senderChainKey":{"iteration":73,"seed":"d/Tjhp0GVB0GJVFphysEO2qAp6qDFNt81QtZzbrqx9E="},"senderSigningKey":{"public":"BTYJHtFCAzH9yTL2NyIvXbGa6P1EDkVe+blHLJKneupV"},"senderMessageKeys":[]},{"senderKeyId":299154007,"senderChainKey":{"iteration":17,"seed":"aTF8uIBUD7ZeqyfRIZCaH+UQq02zSbgtB3c2zph/Yj4="},"senderSigningKey":{"public":"BfqL2fVKi/CtCwczGx28vMRfXaRkDqRMfN0iJn6OYGgV"},"senderMessageKeys":[{}]}]