[{"senderKeyId":695573430,"senderChainKey":{"iteration":7,"seed":"0wQAZb97t+DXjq/4qgyEc0we5xdpAuqJ9jqcwLlGzTY="},"senderSigningKey":{"public":"BT+9E1akHEAuZdpyi9q45DBQozBSyYuRYRIC+Y6mtDJD"},"senderMessageKeys":[{}]},{"senderKeyId":695573430,"senderChainKey":{"iteration":2,"seed":"JrQckKIOIuYC1zx/SCYM8MZxaO1Em2Tfxxpt6Ey8Ozg="},"senderSigningKey":{"public":"BT+9E1akHEAuZdpyi9q45DBQozBSyYuRYRIC+Y6mtDJD"},"senderMessageKeys":[]},{"senderKeyId":695573430,"senderChainKey":{"iteration":4,"seed":"LkgxuJ8sm+eowDPEJd2MK5I9UORM7xLIdVoFaTaPoWA="},"senderSigningKey":{"public":"BT+9E1akHEAuZdpyi9q45DBQozBSyYuRYRIC+Y6mtDJD"},"senderMessageKeys":[]},{"senderKeyId":695573430,"senderChainKey":{"iteration":5,"seed":"TrN/+eiiHuID2AZYkVcA10yQCvyrwJPl/2eRENH8O+I="},"senderSigningKey":{"public":"BT+9E1akHEAuZdpyi9q45DBQozBSyYuRYRIC+Y6mtDJD"},"senderMessageKeys":[]},{"senderKeyId":695573430,"senderChainKey":{"iteration":6,"seed":"6CtwFiB8hYmFpceSiXv8+jKSgfQxUEKC9/o6m6+xbew="},"senderSigningKey":{"public":"BT+9E1akHEAuZdpyi9q45DBQozBSyYuRYRIC+Y6mtDJD"},"senderMessageKeys":[]}]