[{"senderKeyId":323074610,"senderChainKey":{"iteration":10,"seed":"ixyX/1+j8PT5qkiUW9N4VQNeUVu3mOxPDatyeVgHQ0Y="},"senderSigningKey":{"public":"BSQ0tZ94JC0V2HCaesYAUyXCT3F+cay2zyc0LJoRgXRY"},"senderMessageKeys":[{}]},{"senderKeyId":1266592017,"senderChainKey":{"iteration":41,"seed":"nPeVf8mUB7YQ4OxIHCHnm8D4ztEPfRxMtWPc203vDns="},"senderSigningKey":{"public":"BQYXOm0rXc6YQHLWOST7xxmTIP2Vw1MGg9uBA5BhT0Z/"},"senderMessageKeys":[{},{}]},{"senderKeyId":1122445094,"senderChainKey":{"iteration":3,"seed":"i2agQy1hkndtFUq52TXhxs77rF0x6S7RcuS6G4zfQZY="},"senderSigningKey":{"public":"BWos4unh985vUZHxPSC88MRRVZOXXleX80GhOgETS6BY"},"senderMessageKeys":[]},{"senderKeyId":650885007,"senderChainKey":{"iteration":2,"seed":"pS9ct2Zbk+e/V5lZGMnLbgPtfnd8bA8guQ4dJqko16o="},"senderSigningKey":{"public":"BQQ7KQmArqb8l+d5mPgqCAAy3QyRU46NTNMH1QZ32hZ6"},"senderMessageKeys":[]},{"senderKeyId":1150837628,"senderChainKey":{"iteration":4,"seed":"8SGqeOZQoE3c4pewD1U+ZgWiA454k6e4XDLZ4IaT/Xs="},"senderSigningKey":{"public":"BZXw2eo+BgLfUVwTC1xnZbfKV7vV7wH5nR0S1Tyt9zkI"},"senderMessageKeys":[]}]