[{"senderKeyId":95222427,"senderChainKey":{"iteration":0,"seed":"LA03beWdaO30K/3bXYNhfJTUHqCZ91SvZ9YYAZyEl3g="},"senderSigningKey":{"public":"BeNhlyqzryEfz8IHCYg0Q54bRXF2bMOms8Gvb2n7SI1V"},"senderMessageKeys":[]},{"senderKeyId":1463210451,"senderChainKey":{"iteration":0,"seed":"3wpG7OYEm4C4Em59INvCDbXxZ8OIfYBBXWU0XlSYHxY="},"senderSigningKey":{"public":"Bf3LPHse8IaIU8LumWOgR/t6NbVTIg1wXfcwmI63yUkR"},"senderMessageKeys":[]},{"senderKeyId":399100036,"senderChainKey":{"iteration":0,"seed":"ftqDSzrJ+0ynJpBePr8r0D9vOj1wSNJFaJ3SS4MLxMs="},"senderSigningKey":{"public":"Bb3rwnuE7rgq4m5bOGtlWxsd6NJ6jXgYSypnMpTAZeIM"},"senderMessageKeys":[]},{"senderKeyId":399100036,"senderChainKey":{"iteration":0,"seed":"ftqDSzrJ+0ynJpBePr8r0D9vOj1wSNJFaJ3SS4MLxMs="},"senderSigningKey":{"public":"Bb3rwnuE7rgq4m5bOGtlWxsd6NJ6jXgYSypnMpTAZeIM"},"senderMessageKeys":[]},{"senderKeyId":1206668004,"senderChainKey":{"iteration":0,"seed":"PpnBTzsCfdoHw80Qow3hS1La8yepS9R1tz6slz5Fhfk="},"senderSigningKey":{"public":"BeHiHtlH5XDaVxeT28lNxfDHob5ay0IJApl7JBJeXxM0"}}]