[{"senderKeyId":1166782042,"senderChainKey":{"iteration":0,"seed":"EzuZ/WNm4+QAva7G4WFOKNx9pNL/ca4vXhp6APSAjqY="},"senderSigningKey":{"public":"BUwf2vDWpyXsGScWeEKviVABhuWXvJRmCjTfNpb9sZZS"},"senderMessageKeys":[]},{"senderKeyId":936368093,"senderChainKey":{"iteration":0,"seed":"Bq9iN4jnMeP7py6gr/GVzXOqiCxrfdyh5ubIEWK8B+4="},"senderSigningKey":{"public":"BWcoct9tXQWjvVFzJJjQjQxH2qVRZeC9HDJ9nvRrhJw2"},"senderMessageKeys":[]},{"senderKeyId":1613073893,"senderChainKey":{"iteration":0,"seed":"+uBF3vnamWj6tuvgvAuyTY06AYpldv7walye+Yz6PPk="},"senderSigningKey":{"public":"BZ9sQ9paXCx90NIyRQADU1b6nPCyjfA6h8577OwCPc17"},"senderMessageKeys":[]},{"senderKeyId":914711273,"senderChainKey":{"iteration":0,"seed":"juda7hw95rOKSU+j0WQwj2SY9DjV8Ab64pOMsxJNS9M="},"senderSigningKey":{"public":"BRlhRfSNIJViP7B8hNR+UBqWhkC3vzHVqjwvvJ4gm2J2"},"senderMessageKeys":[]},{"senderKeyId":896553728,"senderChainKey":{"iteration":0,"seed":"Lj+0oV4W5G8Zj52Q7fW7U4XgqGZKzmzZUUAHHg8zvGo="},"senderSigningKey":{"public":"Be2cFOcLeag1WFB3oz2Zc0N9mcL7euweaBBeN0jZ+40u"}}]