[{"senderKeyId":176284345,"senderChainKey":{"iteration":0,"seed":"L9PJwJ6e3c8n976Pgze/e6YwIiNfn+j1YyeSNRkLBPQ="},"senderSigningKey":{"public":"BeSV56JV1aXTnNeZxTUW48dSryWp6SoPl95kxzIheE9c"},"senderMessageKeys":[]},{"senderKeyId":766811371,"senderChainKey":{"iteration":0,"seed":"sPdxsFBQNfof4tFvvN4w0q2Hg5+ezag978ta8rs1HuU="},"senderSigningKey":{"public":"BWaB3Ln7gD7w+4OCG0JT1NUDcM7/sVypaN/vA8T2g44+"},"senderMessageKeys":[]},{"senderKeyId":290805258,"senderChainKey":{"iteration":0,"seed":"cfR0tJPFJDJHFSjrMes2ozeRO3uIo0Plq/6XmRAqiZs="},"senderSigningKey":{"public":"BTk3nmEb5rfr8NKpKQ6BlrB0vytgT4495nFKUu48ZfMB"},"senderMessageKeys":[]},{"senderKeyId":674149112,"senderChainKey":{"iteration":0,"seed":"QuJ7RQLS8sJN+/Fseg4UDYg+QsYI8Ckn2e9fZoYd2OY="},"senderSigningKey":{"public":"BQ49ZJLL3cZDit0CLaOfy8gSLIsfz5ARuN0ryBc0Xj5q"},"senderMessageKeys":[]},{"senderKeyId":1082535389,"senderChainKey":{"iteration":0,"seed":"rk0Ink6GboxFRtrbYrjKUsf0G7dO/TYPfB8akK2scXk="},"senderSigningKey":{"public":"BbCD3vHN15VQEFO3EQoP5PtwyVLssRfI/YORe9x5F6NG"}}]