[{"senderKeyId":579620978,"senderChainKey":{"iteration":0,"seed":"/EvAfzQBlCh8eSCPAhPRaA9dHRGl/NOddwiZeVYhGis="},"senderSigningKey":{"public":"BeAGoC3b6wwPNA9HBXRLU0OqSfXmeipQ9jw7i8YEKLJM"},"senderMessageKeys":[]},{"senderKeyId":936142870,"senderChainKey":{"iteration":0,"seed":"bPZP1sFD1Wy0gGoY+W8aKKkK4bHbpCvFiiOtbYTvsT8="},"senderSigningKey":{"public":"BVmthkbW5lvnURBHbYfSjVlZbHVD9/MwuAGD7g3cloIN"},"senderMessageKeys":[]},{"senderKeyId":809592137,"senderChainKey":{"iteration":0,"seed":"FZ8U7pweW8iva3kNhRBcuOFv5JHRMc6EpPGmRar3tVU="},"senderSigningKey":{"public":"BZmELF/83a/7MdjiEJaE7OtU7e+0Y7oaJ6oTJCcAuYs5"},"senderMessageKeys":[]},{"senderKeyId":2000263120,"senderChainKey":{"iteration":0,"seed":"2rtM0Y0c0rnAbs8pfKIfz+cdWfGscCbJVbriZPXhjlY="},"senderSigningKey":{"public":"BV9MNCQ2LlUJODzZLb/jf7pd8Af5tZsi89BCfcdTaR8z"},"senderMessageKeys":[]},{"senderKeyId":174606346,"senderChainKey":{"iteration":0,"seed":"es5a1I/BW+geISarZ8aIep1tDxj/6RIpXwV3axxEKn8="},"senderSigningKey":{"public":"BVQ5Mo+OsHh0iC72zH3rNtFJr4RIyCIJuCkPnRsJvJhD"}}]