[{"senderKeyId":1947964448,"senderChainKey":{"iteration":0,"seed":"Kb72NZqMjR4q3x9yy8TYfG0MHl5Pb2i4j9UrxDAo4GY="},"senderSigningKey":{"public":"BYFd7mZ3//HT+SB8lWLgG353McWOQrDpuzVWxxnP3hxY"},"senderMessageKeys":[]},{"senderKeyId":768185263,"senderChainKey":{"iteration":0,"seed":"3TXXWwUEfh3Pko+jiFeeMC0qBSHQHh+T+loWg1HGNNs="},"senderSigningKey":{"public":"BTpAFwqm5nMDl3q01/+GI8Ma1QZR6VnWXn/+8+m7UuVl"},"senderMessageKeys":[]},{"senderKeyId":1600368094,"senderChainKey":{"iteration":0,"seed":"WE3sWJKRaDdj6lkV8qRYUsGmWNDbixjlFsctJ90+Kk4="},"senderSigningKey":{"public":"BUYBpALbfJFVi/kJ/NI3Y0HAK+SCb5Z9L1+zTSS1vUxr"},"senderMessageKeys":[]},{"senderKeyId":2087872158,"senderChainKey":{"iteration":0,"seed":"MQ0l/EIIHhWKx5eaiWSCaUzHG0483/N09XixMLt7Mmo="},"senderSigningKey":{"public":"BacbaPmh1HOVUK73egB7GUbHISCjmhxRAZl9TaTc+rUc"},"senderMessageKeys":[]},{"senderKeyId":1061551678,"senderChainKey":{"iteration":0,"seed":"LbEeaOM7uIe0dnbBQQs+Oxnd9nFgCwwySzPC2Tb/388="},"senderSigningKey":{"public":"Ba8MiYz/cWjgUDY0CsCNZN8Ydk0ixbqZizqlHPvGRixI"}}]