[{"senderKeyId":1134088515,"senderChainKey":{"iteration":0,"seed":"HYiYSawgc+4YufEEH7K5zB4d0dsPKUZdlHePNTU1BiE="},"senderSigningKey":{"public":"BWo0nKplP/FOo8c40OZsAYNbkHpLiE/Ihw6FypgupiFM"},"senderMessageKeys":[]},{"senderKeyId":1919810802,"senderChainKey":{"iteration":0,"seed":"cMN3oaSPBLq47fSXudXuKJGaenHoITAPKo1HWJ8VfyM="},"senderSigningKey":{"public":"BTVwTeqgjDkw/5ZjyFNNRX9TdBgXTQH7MhRtiW66GSEk"},"senderMessageKeys":[]},{"senderKeyId":256801093,"senderChainKey":{"iteration":0,"seed":"Rx5/OAV4c+gTFm9hpwTApQJPcl5Efs56/Fyfogw6JAE="},"senderSigningKey":{"public":"BW7om1Kq9QHBWA6f8iNe8PeUhim35uSU990zFGd4Lbde"},"senderMessageKeys":[]},{"senderKeyId":327568750,"senderChainKey":{"iteration":0,"seed":"AAabGts0mVPrjvFFWec274c9XQ+VS1slsaNRW72dDo4="},"senderSigningKey":{"public":"BQrxc4eWB/jy9c6Rp/RTNJo+8lGt/wWCg9KQqGsie9F0"},"senderMessageKeys":[]},{"senderKeyId":55175860,"senderChainKey":{"iteration":0,"seed":"7IzGRcj3jMiii0vBVTH1Kf9zRVSNxcdBlGFxoG28dk0="},"senderSigningKey":{"public":"BRhRLfr4xgV6jBdSLCOzpcqV2H5PdjuQFpwgg3PVznE9"}}]