[{"senderKeyId":1102563111,"senderChainKey":{"iteration":25,"seed":"+1edkzHwH4NCIBzIQMOBkx03ootENQ+enB8q7DQOWn0="},"senderSigningKey":{"public":"BfivCOEcCInP2ZR+CAII3efLd4dk0KbypC4NauadN1kJ"},"senderMessageKeys":[]},{"senderKeyId":185403378,"senderChainKey":{"iteration":6,"seed":"A8fOrEDGWgIIkgiY/0RokHTb9JRNbKMGq9Xc+Q6wQQU="},"senderSigningKey":{"public":"BR4DPMua5b32WB6oAzqgBV+OtUwt+3QnabzJKXW6t5xi"},"senderMessageKeys":[]},{"senderKeyId":93484394,"senderChainKey":{"iteration":1,"seed":"1IobXpzA3mXDkomQfJO2ixYT63xz58sej0irfvlVB7c="},"senderSigningKey":{"public":"BXw6ifZRnmYceO/zmg5kXPkJgerxnEjIEaqiz6luhiUC"},"senderMessageKeys":[]},{"senderKeyId":1053775144,"senderChainKey":{"iteration":15,"seed":"204Pt798MUnxxmVUh9MfxqByaQcjCP1eSprVJdaTB9M="},"senderSigningKey":{"public":"Bf6Ii7UiXOZniRYuK+zrdq9956y0wtC5teFNYhgNCS5j"},"senderMessageKeys":[]},{"senderKeyId":2041980340,"senderChainKey":{"iteration":5,"seed":"h0bTBRGP83H57i/xM4DOLExcoM5k640UcAcw/f0HuiI="},"senderSigningKey":{"public":"BYgt/gKDxT6AUFP2aQyv91m/Br4KbSbRISvMi5qdFixT"},"senderMessageKeys":[]}]