[{"senderKeyId":1470252228,"senderChainKey":{"iteration":301,"seed":"WhH0omTi7PuPBgM8xeDwBmfVCu1L9NxLTbnsE8x3Myg="},"senderSigningKey":{"public":"BSWgVFrAVRHxvF0LluSiKWSjCJFTWyLF/OmSXrEo/F47"},"senderMessageKeys":[{},{},{},{},{},{},{},{},{},{},{},{},{},{},{},{},{},{},{},{},{},{},{},{},{},{},{},{},{},{},{},{},{},{},{},{},{},{},{},{},{},{},{},{},{},{},{},{},{},{},{},{},{},{},{},{},{},{},{},{},{},{},{}]},{"senderKeyId":1470252228,"senderChainKey":{"iteration":223,"seed":"tgJAIslnPRHCYtZxFxIb/hC2dKSwQto63Yisrjr51Mw="},"senderSigningKey":{"public":"BSWgVFrAVRHxvF0LluSiKWSjCJFTWyLF/OmSXrEo/F47"},"senderMessageKeys":[]},{"senderKeyId":1470252228,"senderChainKey":{"iteration":297,"seed":"vNoTvKI/7ygFmN+MaiqeXKtz2O58SfcJYDL2WWDbAtc="},"senderSigningKey":{"public":"BSWgVFrAVRHxvF0LluSiKWSjCJFTWyLF/OmSXrEo/F47"}}]