[{"senderKeyId":1907832701,"senderChainKey":{"iteration":0,"seed":"MsbZ67FVe74Lh8MXpFeL/IWJwRA0VwudaidtmqSDGrc="},"senderSigningKey":{"public":"BQ9KYlMJs4UbGiR9TSzLQF+RuM5hssBRhDdkOVSeHFsD"},"senderMessageKeys":[]},{"senderKeyId":691250819,"senderChainKey":{"iteration":0,"seed":"9TWGoDB75VoelilMGJI7mOnPcLwvBNeDtYwt3vvoW5k="},"senderSigningKey":{"public":"BZfttKhMyzCWFL53ocSjzF6C/XBJkxo/p46Vli/5H0l4"},"senderMessageKeys":[]},{"senderKeyId":810966604,"senderChainKey":{"iteration":0,"seed":"JMrmgjzd/WWXr+rlflnqRC6SJ4RQYJCJO52cFjXf1Ow="},"senderSigningKey":{"public":"Bd0MJawpnMTfdtO98vn7CYFUJh2vxtMw8aE+4uOzNnke"},"senderMessageKeys":[]},{"senderKeyId":856531470,"senderChainKey":{"iteration":0,"seed":"r9TfxAHu3RREvx65RKdx4QaH2MJrdnnKaaXaJTIVDO8="},"senderSigningKey":{"public":"BdTFnFt1Pr2dwDmwnVIvkLI48sRLJEDwfWKe7moNwOJM"},"senderMessageKeys":[]},{"senderKeyId":714947563,"senderChainKey":{"iteration":0,"seed":"MomF4opxqFyU1sZldCeYku7pd/fXtbdhWaqex263FHg="},"senderSigningKey":{"public":"BSv4GXUzHlaSRziUtMbFdSAWaF7XHXGYsEmy6mdrnupH"}}]