[{"senderKeyId":1111117107,"senderChainKey":{"iteration":0,"seed":"rfC+kv8eo9MNh/meJoervfzO7/KXxUmDnIeGZMqO0iM="},"senderSigningKey":{"public":"BRaRuGLjALRH8BddJEMisn7KBMPBHWfs5byh1O8Oq6Ew"},"senderMessageKeys":[]},{"senderKeyId":891865313,"senderChainKey":{"iteration":0,"seed":"wzAvi93s3/qoUU/Yah3vXg1Xm9vR4Iv1rZ83ns5llfs="},"senderSigningKey":{"public":"BcLUBJrwoitTiM2bpK7CwrwRM1N6OR3QDCstuejMRnsq"},"senderMessageKeys":[]},{"senderKeyId":211549735,"senderChainKey":{"iteration":0,"seed":"G2jGPPG0ZvmL9YqwoJPN99/MnmdCgzEzUh86L9mHCjE="},"senderSigningKey":{"public":"Bd1Q9MUBYg9LPDku2na76b0eo+mjIrt/1BPP/UUiQA4l"},"senderMessageKeys":[]},{"senderKeyId":1769841817,"senderChainKey":{"iteration":0,"seed":"eks6owwuIqCu+c2QT/DyO4tBHwVg0+PDlHqLgjDEwgE="},"senderSigningKey":{"public":"BZfus1DwHzCPpjvUuPHLMgMn2H2wQ0KuP40QRF8h70RY"},"senderMessageKeys":[]},{"senderKeyId":1243271497,"senderChainKey":{"iteration":0,"seed":"7mL2d++yiihR5MhWkRlVD2DrTEw2CUPwtkDfc7EW3x8="},"senderSigningKey":{"public":"Bd68JuLg554T/18fqjK6M66urZAueqne19o0StI8unFn"}}]