[{"senderKeyId":1249707600,"senderChainKey":{"iteration":97,"seed":"FjUdAMQjROy9HkV9cNkhfQUcdX2iSvR355R1RjffRvo="},"senderSigningKey":{"public":"BXl4U86sTOxuFWW5Lsyjicg/twOJIetsV0AVSMBvuWA3"},"senderMessageKeys":[{},{},{},{},{},{},{},{},{},{},{},{},{}]},{"senderKeyId":1249707600,"senderChainKey":{"iteration":85,"seed":"B4yNJsTvaMpzDFoIZvgcpSijRjE5C5nVoVdyyjfAvwg="},"senderSigningKey":{"public":"BXl4U86sTOxuFWW5Lsyjicg/twOJIetsV0AVSMBvuWA3"},"senderMessageKeys":[]},{"senderKeyId":1249707600,"senderChainKey":{"iteration":91,"seed":"BhYlf7qwQvCLdXvlcVquYZGVgwDDh8DY7nHD+6SIzpM="},"senderSigningKey":{"public":"BXl4U86sTOxuFWW5Lsyjicg/twOJIetsV0AVSMBvuWA3"},"senderMessageKeys":[]},{"senderKeyId":1249707600,"senderChainKey":{"iteration":93,"seed":"okvC01OgB1ft1VaeIkMFrR4JfotKuYakEkGVD0hOLL4="},"senderSigningKey":{"public":"BXl4U86sTOxuFWW5Lsyjicg/twOJIetsV0AVSMBvuWA3"},"senderMessageKeys":[]},{"senderKeyId":1249707600,"senderChainKey":{"iteration":95,"seed":"JBMDMbbJdmIOB+ZNRvjgDg2JabSFWmLsJzgi+RMKidc="},"senderSigningKey":{"public":"BXl4U86sTOxuFWW5Lsyjicg/twOJIetsV0AVSMBvuWA3"},"senderMessageKeys":[]}]