[{"senderKeyId":1852872564,"senderChainKey":{"iteration":2,"seed":"9MoQeMLFPWahgh9UEKhSzRVTGNrImlZ0qpkNp4VGNuQ="},"senderSigningKey":{"public":"Bbfov1h50tjA64Rgs3htK0Gye/T/FrpchsHmdoW/VFos"},"senderMessageKeys":[]},{"senderKeyId":1559286646,"senderChainKey":{"iteration":11,"seed":"JW75u7pKrqR4dfaPCN+3BKWhnD4eE9c3rK5laItLDRo="},"senderSigningKey":{"public":"BbiWLKzdqTT7+SDgSsMRlrI8TlYoZ9JcahARbVm/PoNN"},"senderMessageKeys":[]},{"senderKeyId":114251927,"senderChainKey":{"iteration":1,"seed":"U5Mw0MpUmtF/OkSN9ggV2TzW5ELxOPmPuU/ISeNQSHE="},"senderSigningKey":{"public":"BYpK2XVKxgEIR8FbeNPslyEvdFXUYhMpDLtfHkdIOBw1"},"senderMessageKeys":[]}]