[{"senderKeyId":1168960821,"senderChainKey":{"iteration":0,"seed":"I9yLMq6/kOzi0RqRrMOQW0Offqb9GPJMA45/apQu5eg="},"senderSigningKey":{"public":"Bf8lbQ1v7vNPKODQJww0RcLjhKmCHwXbE91yGjYmF4ZN"},"senderMessageKeys":[]},{"senderKeyId":510926506,"senderChainKey":{"iteration":0,"seed":"wcS/V48l9n5kjV2HMf89LuSh0bEaqG3TocxYKu6Azb8="},"senderSigningKey":{"public":"BZVB+mn6c6d3+a79uwm42kWCXJWXedbjeKwYJIPpyzRb"},"senderMessageKeys":[]},{"senderKeyId":1248084811,"senderChainKey":{"iteration":0,"seed":"zTC7/dQG658idHKowS98FeTjEFjTvi3OuJ2dA1+nZG8="},"senderSigningKey":{"public":"BRMP+bpNdjV0T6Ki9+gy1nftIuaxM5La24nMxEbMPbhe"},"senderMessageKeys":[]},{"senderKeyId":812264820,"senderChainKey":{"iteration":0,"seed":"F1rIEMFHPlYfOC8szSNSspDQnv9f7FfUfDoZn/GKtJE="},"senderSigningKey":{"public":"Bf4pOTOast20q1vhnh4bkiC7B4ZLX34/fM2bl2Z9bUNK"},"senderMessageKeys":[]},{"senderKeyId":944519853,"senderChainKey":{"iteration":0,"seed":"azKy+Gbz6q8eHJVsdN52maC65sspWxoENzPBzaOsin8="},"senderSigningKey":{"public":"BUINYi1twDv+jHn2u67Wp77zT4YsqXWJXYANWRw0gwRP"}}]