[{"senderKeyId":1755125916,"senderChainKey":{"iteration":3,"seed":"8tF0R7KSAXz3aE57u26Jc1kvxQeT1bRArwnUOw6hpQ4="},"senderSigningKey":{"public":"BWbppP+Bm4iauM9ffhlD147yS/ovM+iQvBTT/3gqbZMo"},"senderMessageKeys":[]},{"senderKeyId":2041514757,"senderChainKey":{"iteration":6,"seed":"Hscjif5RP3xJxiDkSHzEPqawGucJXo5Fyn0X2cKJ9e0="},"senderSigningKey":{"public":"BQ0xG7KL68Y9HQUlku2MZchYtVr0rQYWgajct9v8ptci"},"senderMessageKeys":[]},{"senderKeyId":2041514757,"senderChainKey":{"iteration":5,"seed":"4bWVUpOGOLWpXC06CPH0rJ1V8Epk1adI4u+x/eSSQUg="},"senderSigningKey":{"public":"BQ0xG7KL68Y9HQUlku2MZchYtVr0rQYWgajct9v8ptci"},"senderMessageKeys":[]},{"senderKeyId":287357332,"senderChainKey":{"iteration":11,"seed":"sm7w7Dmbn3LAtlJygIyLSE4bUCRirQXeme2jMaVLVgM="},"senderSigningKey":{"public":"BcMwNSEiK0kIizeWxk0ZUf0S+HvulIHzcnB+Q60wPXQl"},"senderMessageKeys":[]},{"senderKeyId":624737610,"senderChainKey":{"iteration":41,"seed":"BP3oKf/R9DfBkHPp5eKQ7xvnOZjFFQ6Xc3cgyGg8vtc="},"senderSigningKey":{"public":"BSsFP4prB+2A9wsSYzH5+VhQM9zyhvT7pToodlo+jT9K"},"senderMessageKeys":[{},{},{},{},{},{}]}]