[{"senderKeyId":305019103,"senderChainKey":{"iteration":1,"seed":"JxugC/HPO1AsFoILcLHp3Rc/Izl5b4XicqbBbbd3SFQ="},"senderSigningKey":{"public":"BX7oF26A88bYg/UlR38QzaHy8ljVQr4K0ZE7C/etaLIi"},"senderMessageKeys":[]},{"senderKeyId":305019103,"senderChainKey":{"iteration":3,"seed":"G7DkAjzgZhqFEi8+rlptwHIiIFtM+PXdmnyF/tAoGzs="},"senderSigningKey":{"public":"BX7oF26A88bYg/UlR38QzaHy8ljVQr4K0ZE7C/etaLIi"},"senderMessageKeys":[]},{"senderKeyId":1215534240,"senderChainKey":{"iteration":1,"seed":"oMS3+25Xfmog6G8WDX+wN3Fe1VTLmTPn7QizeYUV2jo="},"senderSigningKey":{"public":"BSFBtX7SBrLn9YhjKU2GfmSc3VwLohpYLFPem29ltQpd"},"senderMessageKeys":[]},{"senderKeyId":1053998805,"senderChainKey":{"iteration":28,"seed":"3ExSmBs3IZ4cP7NvtwVpKBFh02X/P4Iw5eJJmSRBxYQ="},"senderSigningKey":{"public":"BWFbQNEMkpNC0Tear5DLe8bTT87vu3eZsXd9PoQlf54E"},"senderMessageKeys":[]},{"senderKeyId":1053998805,"senderChainKey":{"iteration":1,"seed":"nPXTuPRy/3b5/9XlG/qa10WMjcPOFozcJp2A9mPKbeo="},"senderSigningKey":{"public":"BWFbQNEMkpNC0Tear5DLe8bTT87vu3eZsXd9PoQlf54E"},"senderMessageKeys":[]}]