[{"senderKeyId":1255067648,"senderChainKey":{"iteration":0,"seed":"zRL9wHyw4q1o5D4pmyLN/O6HxICb5g+Z0FkjkZAcJ+o="},"senderSigningKey":{"public":"BdYDnBiXw+9k7csx/Ops4z3RndPHXZqZLQro5xv6Ey48"},"senderMessageKeys":[]},{"senderKeyId":780616769,"senderChainKey":{"iteration":0,"seed":"P/VbR3tn3zI67/80cFqgG7k5prmf3oHX3J1VOTMuFuU="},"senderSigningKey":{"public":"Bawsn25IZ9VLxujbAj3oM8aLzFroY/b7ZqZ7rDQ/k89D"},"senderMessageKeys":[]},{"senderKeyId":1684884074,"senderChainKey":{"iteration":0,"seed":"nOc+TFOV+94NZeA2I8tpJiw/waM0ZLqRuw3CSQ3a8DU="},"senderSigningKey":{"public":"BYjMTznbDOWRS48wcf0FkieyBeUaCtEe+J/FJ6m0EiMB"},"senderMessageKeys":[]},{"senderKeyId":24121897,"senderChainKey":{"iteration":0,"seed":"mT5qLYd7fwOv5z9532LFLc3o225rv7WdAvxfaz0sE6E="},"senderSigningKey":{"public":"BbU9eoEOg0hCuBpXs7vMiQW3YZmD/HYtDfYkKIEW/E0J"},"senderMessageKeys":[]},{"senderKeyId":1068253383,"senderChainKey":{"iteration":0,"seed":"4uNu03cynz0hXjfwTWGhtQMD1IUcW1s7XhQlIMzYA5M="},"senderSigningKey":{"public":"Bb1WvPPf6ERnIMOSWv80CxWY6XVrMfv/SHqmi4PlJvxO"}}]