[{"senderKeyId":258176605,"senderChainKey":{"iteration":1,"seed":"pyx/z6dp3rk0/oj8kdrl5ryZzHJR5yaxBZrTYcACKu8="},"senderSigningKey":{"public":"BQpMODUQD1t2DkfuZsXPLa5A28C3J+m6SSqtqDGo+5xe"},"senderMessageKeys":[]},{"senderKeyId":190631691,"senderChainKey":{"iteration":0,"seed":"yCY1ZCjSzWWiaXAgP8uhH7UQ6IelqeXZG2W7aLOEpQY="},"senderSigningKey":{"public":"BXe4YXRsVmkCUiONwRKRt2CKhWx7RaKH8qxNECEeEQFp"},"senderMessageKeys":[]},{"senderKeyId":1260985506,"senderChainKey":{"iteration":0,"seed":"EYQ9VRtFbXkL9r/gWAtY0QWydEYJNwzusPLeUI4CRrA="},"senderSigningKey":{"public":"BaQUhcmNi1RXYEA5hv0Wdpg0MzIJl1GZl27EQ+BplIoO"},"senderMessageKeys":[]},{"senderKeyId":75317488,"senderChainKey":{"iteration":0,"seed":"qLCPjCqQzuZH4jT4tcqktdFdnz4p6s6h4qtbD+LiVTY="},"senderSigningKey":{"public":"Bd0A7eUWyGgV2NArawjG10dtZV8ko8IsFYGLcLQutB52"},"senderMessageKeys":[]},{"senderKeyId":1112181954,"senderChainKey":{"iteration":0,"seed":"Kq1Ni5NbWYMvafZII7NjrmytQltaDgJbBn9pVNRXrKg="},"senderSigningKey":{"public":"BUxQBmeT7ubwkuOSSEz7Hnse7PIBuDZRGD8N+BJ7idtt"}}]