[{"senderKeyId":1039550705,"senderChainKey":{"iteration":72,"seed":"U6MieV3nLLpL31v09sNe8C5tWd4To+wgBGRAS7+TKm8="},"senderSigningKey":{"public":"BVIUU7S7v3MJW9u4DVGOsqYcdt7xA4xP8koBSztBejQ4"},"senderMessageKeys":[]},{"senderKeyId":687304310,"senderChainKey":{"iteration":26,"seed":"qbiOgAkF3iYPJ6WfZ64zaSy0M9KQKmXvY99amECOGrc="},"senderSigningKey":{"public":"BS++B3tSnN9jfCr++ZTddER02zUr2o31Vwcc7CRYMsAD"},"senderMessageKeys":[]},{"senderKeyId":2137749864,"senderChainKey":{"iteration":58,"seed":"xlmMnJeqG+papwL8Y1wq7ttDHDHD4Bt1LlW/NpEOZHo="},"senderSigningKey":{"public":"BenvZMahqRo+wSr3zWMeqkZlCKTEsv36zXNMGgUrjRMB"},"senderMessageKeys":[{},{}]},{"senderKeyId":155975893,"senderChainKey":{"iteration":27,"seed":"B7nQ4S9cL+BgqWV4dQDkN1G0QlxFxst+WAAWLA4y2HM="},"senderSigningKey":{"public":"BSm+QaWR2BMVj9Eibyrxpmg+Og7kjqiSGRGlg2ZqWCgX"},"senderMessageKeys":[{},{}]},{"senderKeyId":1336979476,"senderChainKey":{"iteration":3,"seed":"terJE+RAvFaCbLoZfEok6Eoso3H6JeJO+sY7/WQx8Iw="},"senderSigningKey":{"public":"BSKyBUjwRsWUQi6Y0j2bSoPiirk/QfIxkFo5eK8sHFJ7"},"senderMessageKeys":[]}]