[{"senderKeyId":908410041,"senderChainKey":{"iteration":1,"seed":"bCECxn5Fy9LF2dhbe8A7K83ywR62PJHHq4sW5kQg1V0="},"senderSigningKey":{"public":"BYxJKM0Ebs8S6LdqOpEkqQYFrj2WWrSJ6WPwAiP1saw9"},"senderMessageKeys":[]},{"senderKeyId":1629119108,"senderChainKey":{"iteration":2,"seed":"byDYy4CP7lWdBxqejYfk8qYFQ4bB549sxvLN7pf09VU="},"senderSigningKey":{"public":"BQteJbmZP40dAEbGAEsaG/NRSxF87cbXOE8zKyzrJoMm"},"senderMessageKeys":[]},{"senderKeyId":1976988936,"senderChainKey":{"iteration":3,"seed":"3VEcybtJWFzNR1SOjzRaLVcxzY8cpgs1nxcgqkdFYsM="},"senderSigningKey":{"public":"BVyXOxRC/9LVcrqpdeT5Ra+DuszQ9ah0HyImE0cTXjZW"},"senderMessageKeys":[]},{"senderKeyId":1707697038,"senderChainKey":{"iteration":22,"seed":"bel+oK8p27h6j9xrtdLpXljBLU4Ls2ULvNSuJ0El4Fg="},"senderSigningKey":{"public":"BWRZ4DS/n71sKS6FnqMlaJD2hsBXbmxSPChqNvZZ3bJ5"},"senderMessageKeys":[]},{"senderKeyId":1346449938,"senderChainKey":{"iteration":2,"seed":"d06Ub33Jp1B1Bc1IBxAGyHcdCtOgoThOGkBUmad9txA="},"senderSigningKey":{"public":"BfBSJIbLAFjUBXTDGIRJ70rkrXprXiwEo1fa9SHUUZZ9"},"senderMessageKeys":[]}]