[{"senderKeyId":290932789,"senderChainKey":{"iteration":4,"seed":"RRLAkAYVVoKoaxWIi3Tfq3b1/JSI/0kZ6bBsE6yiykM="},"senderSigningKey":{"public":"BW80cYNcMMIYSIn72cm2C5IAiF6m4LANnK4qJ9Vhsqsn"},"senderMessageKeys":[]},{"senderKeyId":290932789,"senderChainKey":{"iteration":1,"seed":"dtWb6U/nZszQ3FtgVTs6aRKMtQa7z3DHAMC/7QjQHnY="},"senderSigningKey":{"public":"BW80cYNcMMIYSIn72cm2C5IAiF6m4LANnK4qJ9Vhsqsn"},"senderMessageKeys":[]},{"senderKeyId":1867348153,"senderChainKey":{"iteration":1,"seed":"EnTWp4eqX5sFTfBMe9a1a1H7hfnTYLF++yth/Xa21oY="},"senderSigningKey":{"public":"BbcWqa8oGqSo4ViaQz6nt+opOmeIBBuK/cunh4zKTEEv"},"senderMessageKeys":[]}]