[{"senderKeyId":2063216592,"senderChainKey":{"iteration":0,"seed":"PyqlYstXnJ7ewos5Rq8tzr1RF7Zq+W7P3B95/WCN4jQ="},"senderSigningKey":{"public":"BfXJy6Ckp9rgFn4wFyDsIagMm5mHHR27cPtqcnGxaOE2"},"senderMessageKeys":[]},{"senderKeyId":1479132002,"senderChainKey":{"iteration":0,"seed":"7k73xB9picuzPW0la3iTWSBg1LfxlhvBJpHrU4TOJhQ="},"senderSigningKey":{"public":"BZgCK9RrIKxMSmC+xXQ8kMwS9celW6wRlMnWgjC3OxAC"},"senderMessageKeys":[]},{"senderKeyId":733997547,"senderChainKey":{"iteration":0,"seed":"ah8ovLQNBpRdy/Ui0StzMirWP8lsrSdPau+jeGySqbk="},"senderSigningKey":{"public":"BQai8XeC6V5tN1rz4DxgqtMc5Q3F54+l5HJD4bQxocZL"},"senderMessageKeys":[]},{"senderKeyId":1783033389,"senderChainKey":{"iteration":0,"seed":"luVFJ/y+kI4YwYDWjHhsLyxQJvBnTTS3Hho8OyMIkMY="},"senderSigningKey":{"public":"BdVFo2iKdoFcD42t0yQYTObXm6g44ayoCQFbRi8ozrFS"},"senderMessageKeys":[]},{"senderKeyId":128468958,"senderChainKey":{"iteration":0,"seed":"+n1dXVepGkmkeRjAfKfmozwCRciBKs5DJBshTL08UUU="},"senderSigningKey":{"public":"BSVOPCjjyDJntrWWHEs/7n1BMstv8yZp8NiPlkowwwtx"}}]