[{"senderKeyId":255644031,"senderChainKey":{"iteration":619,"seed":"BGIyVQyXPh9uha86mQ/LXHcTRH9nMBGDoHNnFPucvHE="},"senderSigningKey":{"public":"BZzFrXo82M9w9gCNUdlnwi916S5Wg7bmFzsWxUzkp/Ef","private":"8Ic8Cse9U85TsFmsXuVrx6Yhp/VOZ9UcjhTb08P/6mg="},"senderMessageKeys":[{"iteration":1,"seed":"OagtVtNaFmEHLX4KZVB7zZOt1lrg57aXYMR+8JX6mpg="},{"iteration":3,"seed":"edV0fjD0heqSxXPMiUMtzHJGBAsyzndjMP5Obr027Vk="},{},{},{},{},{},{},{},{},{},{},{},{},{},{},{},{},{},{},{},{},{},{},{},{},{},{},{},{},{},{},{},{},{},{},{},{},{},{},{},{},{},{},{},{},{},{},{},{},{},{},{},{},{},{},{},{},{},{},{},{},{},{},{},{},{},{},{},{},{},{},{},{},{},{},{},{},{},{},{},{},{},{},{},{},{},{},{},{},{},{},{},{},{},{},{},{},{},{},{},{},{},{},{},{},{},{},{},{},{},{},{},{},{},{},{},{},{},{},{},{},{},{},{},{},{},{},{},{},{},{},{},{},{},{},{},{},{},{},{},{},{},{},{},{},{},{},{},{},{},{},{},{},{},{},{},{},{},{},{},{},{},{},{},{},{},{},{},{},{},{},{},{},{},{},{},{},{},{},{},{},{},{},{},{},{},{},{},{},{},{},{},{},{},{},{},{},{},{},{},{},{},{},{},{},{},{},{},{},{},{},{},{},{},{},{},{},{},{},{},{},{},{},{},{},{},{},{},{},{},{},{},{},{},{},{},{},{},{},{},{},{},{},{},{},{},{},{},{},{},{},{},{},{},{},{},{},{},{},{},{},{},{},{},{},{},{},{},{},{},{},{},{},{},{},{},{},{},{},{},{},{},{},{},{},{},{},{},{},{},{},{},{},{},{},{},{},{},{},{},{},{},{},{},{},{},{},{}]}]