[{"senderKeyId":29540177,"senderChainKey":{"iteration":21,"seed":"6+id5FOEeE3uFwsZd5j3mM/RutkP3KTLRGB21dVWsc8="},"senderSigningKey":{"public":"BXgHpgWwvpFuFRXt+9C/o4lyZlpI5Cw9Hj84vJjDizxa"},"senderMessageKeys":[]},{"senderKeyId":29540177,"senderChainKey":{"iteration":9,"seed":"78DwKlkSNnYOYTawd8Y/yAKTbFap7difmCXy9zrFlVU="},"senderSigningKey":{"public":"BXgHpgWwvpFuFRXt+9C/o4lyZlpI5Cw9Hj84vJjDizxa"},"senderMessageKeys":[]},{"senderKeyId":1356909438,"senderChainKey":{"iteration":10,"seed":"vM/Pkw7DFK8xOkCv4zVKZ7gRBOCDPB2fTex3MCUKbGk="},"senderSigningKey":{"public":"BXm7ZyiLqgWx9WmVbOypHmgvH26zhvZFPzsy9CKDGghH"},"senderMessageKeys":[]}]