[{"senderKeyId":1534599262,"senderChainKey":{"iteration":2,"seed":"WAQ8Si+/d+kfTwMuNIWjcvBCG8T/besydbgiFikPyHU="},"senderSigningKey":{"public":"BbBqTkH9hfO8Mr8VjjUkySVax68fZtdS6esUVzvwoMwk"},"senderMessageKeys":[]},{"senderKeyId":760093146,"senderChainKey":{"iteration":3,"seed":"jbaJ27UjEoUqWhY2xqn1XSVr3IXvPApynf3akP1gvPA="},"senderSigningKey":{"public":"BS5wUhNVds9mSFUKsV/dDxsxIBtK4FzLuLkQmYAjMXpX"},"senderMessageKeys":[]},{"senderKeyId":1391132748,"senderChainKey":{"iteration":9,"seed":"l8FntQu780yJ55Py1NcfOLgO2A+V8QcVLF74yEjhYVo="},"senderSigningKey":{"public":"BT3m1XH7CExOetm/pjhVHZHCvt3TWT3Y6WQgdU4SD7pn"},"senderMessageKeys":[]},{"senderKeyId":474646274,"senderChainKey":{"iteration":2,"seed":"GDt0eQlzCqJ8kZnxwDdyPA0XD+X0MfDhCjmHStY1OF8="},"senderSigningKey":{"public":"Bf2QiNbLN8PKCDSu7p+N/6K2VvkuPdvS81/DTrHsujdZ"},"senderMessageKeys":[]}]