[{"senderKeyId":1264865334,"senderChainKey":{"iteration":10,"seed":"P7OXjnSgONH7I8wzBZ2+vhmTHrR3ldDDEJQ5OkXhycU="},"senderSigningKey":{"public":"BZzhw/nLlhBOYRY/kljOudH/SEXrhZCRGaN5GHtnlIxX"},"senderMessageKeys":[]},{"senderKeyId":1050668954,"senderChainKey":{"iteration":17,"seed":"crf/TnHst+Xj0eNGR7Hqtq4Jp33EdTGJ0LY4FMLRwzk="},"senderSigningKey":{"public":"BQ99v4pTCAooExaktXUlTBCz6rlzU43N5uQjYksrauQM"},"senderMessageKeys":[]},{"senderKeyId":1543167129,"senderChainKey":{"iteration":9,"seed":"L7d99jqwYKNPfhwryvEM5xekwoJM36pgCyattYLgC0U="},"senderSigningKey":{"public":"BRpLtRZWx71gnY267DTZ8kRFCi5KKtYDRPDbQbzod5pC"},"senderMessageKeys":[]},{"senderKeyId":670349603,"senderChainKey":{"iteration":105,"seed":"mknYNDp2ixmLKFeMxq/PLrrxaO4mvgKEd3kFv9c3OAw="},"senderSigningKey":{"public":"BTWDiewN4rpCQEiPX0M9shCFx554RZgsC8C0It2HSqZY"},"senderMessageKeys":[{},{},{},{},{}]},{"senderKeyId":1939628484,"senderChainKey":{"iteration":57,"seed":"dFy1kxd1Zg/aiJnV5sIecf+Bcd2rnw+3KN4WqGRyjZU="},"senderSigningKey":{"public":"BdRbkqWJj8LVY4iwIRgHLn09duyihx2ghmcNu3cZultS"},"senderMessageKeys":[]}]