[{"senderKeyId":1505701339,"senderChainKey":{"iteration":14,"seed":"4+YoMlBCXXcprj4QAnPG8otYTYRXFnYjlAPDKk9lo7w="},"senderSigningKey":{"public":"BUSpmEB9c1tbC7FafO+oMItRR3eZVzX1GhYSZ0kM4e9I"},"senderMessageKeys":[]},{"senderKeyId":1959371993,"senderChainKey":{"iteration":12,"seed":"EnqomxvGnv+6/e8+MeLWSLoceetDG1LWC/KR660MuWU="},"senderSigningKey":{"public":"BQ+dtscHdn4T4Jld8aTSuodc+CARa6KVUQpXhVtQfE1w"},"senderMessageKeys":[]},{"senderKeyId":492828416,"senderChainKey":{"iteration":1,"seed":"GsgufFWG/xYCloOQy4DFqBETxvft3RZ5X9w4NnltJ8w="},"senderSigningKey":{"public":"BaED4au22FiXMxX84818qfBclagbElfbXibnOEYDFBNp"},"senderMessageKeys":[]},{"senderKeyId":1921188891,"senderChainKey":{"iteration":3,"seed":"XmlI3mFR0favkcVHjzSNRuPNNjK1SJjPfn5WqIEIHyA="},"senderSigningKey":{"public":"BchNop0r02le7e2UjWsAqRpIHxFI7kHbimMolL/Auh9e"},"senderMessageKeys":[]}]