[{"senderKeyId":568319943,"senderChainKey":{"iteration":0,"seed":"Vzfr5bG7r28WFqqAWoXBBBl6XV8Sp3lKIarYRSSwg+8="},"senderSigningKey":{"public":"BYkx0Mgqf2sZM4YY8+xQ3dyhMX9FuNtH8CFE40S4LfYV"},"senderMessageKeys":[]},{"senderKeyId":95783248,"senderChainKey":{"iteration":0,"seed":"YNOx45vl+7O2vBQJH91wu9CqRwRPAgpS3aZs7ODPNtE="},"senderSigningKey":{"public":"BUax8WhCE3a5Q8AC5AI2XJHSbVqX1T/l1yoj9EAnoQ8e"},"senderMessageKeys":[]},{"senderKeyId":1004739466,"senderChainKey":{"iteration":0,"seed":"J/z+Mb7tUByPFx3Mb5fLbHmveQSj3Cf5c0h4G9aJznM="},"senderSigningKey":{"public":"Bcy7uO83hSvzrqLjY5K9jMzUMbn2SFgNJbx/dKCRHE44"},"senderMessageKeys":[]},{"senderKeyId":1422978148,"senderChainKey":{"iteration":0,"seed":"naWRD2b/hN/9TkmrpIZc1xGu+MvUqnr91nRca+olgNQ="},"senderSigningKey":{"public":"BQZXwM0ZLKaeQqO+7jjpKKDgokugctPPC+b5bixg8Lsp"},"senderMessageKeys":[]},{"senderKeyId":712920401,"senderChainKey":{"iteration":0,"seed":"DVEs7wXMxxEuN0ycRCz/+Hu1GK/3ela+Wi3snTYeDDI="},"senderSigningKey":{"public":"BfBhaKWNS579U9hGBPfMEBEtqzsGW3SZ9MAMOgNiW3JA"}}]