[{"senderKeyId":422478829,"senderChainKey":{"iteration":503,"seed":"/aTS+c96pGL5hUC4ixfdM5sMlIqfnLaHrGpR0RYlUzU="},"senderSigningKey":{"public":"BQb4Dhgsb4lmwmjObIIMONHAk4lwD91Og2WxbUn7dwQ8"},"senderMessageKeys":[{},{},{},{},{},{},{},{},{},{},{},{},{},{},{},{},{},{},{},{},{},{},{},{},{},{},{},{},{},{},{},{},{},{},{},{},{},{},{},{},{},{},{},{},{},{},{},{},{},{},{},{},{},{},{},{},{},{},{},{},{},{},{},{},{},{},{},{},{},{},{},{},{},{}]},{"senderKeyId":422478829,"senderChainKey":{"iteration":469,"seed":"SJ4p0At0ccA+UyHjMCQ9XRY6w78RRYpDEfC6yVAXzMQ="},"senderSigningKey":{"public":"BQb4Dhgsb4lmwmjObIIMONHAk4lwD91Og2WxbUn7dwQ8"},"senderMessageKeys":[]},{"senderKeyId":422478829,"senderChainKey":{"iteration":471,"seed":"xtXOtUUy+bxtMTKSl2cA1RRarG/gZYVLIU72o/EZMuE="},"senderSigningKey":{"public":"BQb4Dhgsb4lmwmjObIIMONHAk4lwD91Og2WxbUn7dwQ8"},"senderMessageKeys":[]},{"senderKeyId":422478829,"senderChainKey":{"iteration":473,"seed":"nhAtQGJSZhW17Y4EOWJH2AZFp60zQtWVXq1BJm7gACc="},"senderSigningKey":{"public":"BQb4Dhgsb4lmwmjObIIMONHAk4lwD91Og2WxbUn7dwQ8"},"senderMessageKeys":[]},{"senderKeyId":422478829,"senderChainKey":{"iteration":475,"seed":"BOHc5xgShOLJVLHyFUHf0GYLxbhHfWhDSFhdOGYEBBs="},"senderSigningKey":{"public":"BQb4Dhgsb4lmwmjObIIMONHAk4lwD91Og2WxbUn7dwQ8"},"senderMessageKeys":[]}]