[{"senderKeyId":1153382075,"senderChainKey":{"iteration":78,"seed":"cw1Nkr6ZWsfeAYVVlQLBalqji/EjulvbYkTjuVGLKaM="},"senderSigningKey":{"public":"BYTZSO0kQ4FLoa1tExLXVDe4Dq/16tg4Z0zwyPCqgt1L"},"senderMessageKeys":[]},{"senderKeyId":188400588,"senderChainKey":{"iteration":61,"seed":"tkOTI8y7zu8s+g4l5sOPWkGEcXAnAVWsBbSkbPvP8uE="},"senderSigningKey":{"public":"BTBMxymvTZZ7cimQcz0p9tGpVSQok7aNefFh1Z4YQLMG"},"senderMessageKeys":[{}]},{"senderKeyId":2055508746,"senderChainKey":{"iteration":17,"seed":"VDJBMjmsRH4FrKFXSOiEghNpdmkofZU6ezt4Q06LtvU="},"senderSigningKey":{"public":"BRtB99XpHs6bYDC38QSTkOO+6v5125IqWjA6lfe0lU4M"},"senderMessageKeys":[]},{"senderKeyId":1501714528,"senderChainKey":{"iteration":77,"seed":"fRA1kYEvB6Fl/192SZgazFWX0q1bX5zATTZiuN/vKuI="},"senderSigningKey":{"public":"BWsiy1dOONVCfRXpUStxYazmFbj73nSskf3yvgCjNzNd"},"senderMessageKeys":[{}]},{"senderKeyId":1843096226,"senderChainKey":{"iteration":10,"seed":"ns+B+Aht2yf8EuqR5HjJae+NXJpNrGHGNqMDeOCuJ34="},"senderSigningKey":{"public":"BTUE0yulxGU0aBE+j419cpyDxQWa/s33UJTNZmCVjm8Y"},"senderMessageKeys":[]}]