[{"senderKeyId":989797707,"senderChainKey":{"iteration":57,"seed":"/McKFvD5q7++Z5ETSEG2ZQNFTM4OX5DcZOK384RHFEY="},"senderSigningKey":{"public":"BQCo4uFW9SiCXEuxAaxjmpWd2c9xQoFWDRI46OljpHhz"},"senderMessageKeys":[{},{},{},{},{},{},{},{},{},{},{},{},{},{}]},{"senderKeyId":989797707,"senderChainKey":{"iteration":43,"seed":"Tx48vzFuX+g4cAr8yehlBvpX0CJz4BGFQVAsr5XftVE="},"senderSigningKey":{"public":"BQCo4uFW9SiCXEuxAaxjmpWd2c9xQoFWDRI46OljpHhz"},"senderMessageKeys":[]},{"senderKeyId":989797707,"senderChainKey":{"iteration":45,"seed":"AbJSTUu7ftePK8GJtteFqT+W3kaYXvWVpHWsLeQRIP0="},"senderSigningKey":{"public":"BQCo4uFW9SiCXEuxAaxjmpWd2c9xQoFWDRI46OljpHhz"},"senderMessageKeys":[]},{"senderKeyId":989797707,"senderChainKey":{"iteration":51,"seed":"FXi069VOS7djEPkl61nM1/AiCQHec7sv1tBo47A3WYk="},"senderSigningKey":{"public":"BQCo4uFW9SiCXEuxAaxjmpWd2c9xQoFWDRI46OljpHhz"},"senderMessageKeys":[]},{"senderKeyId":989797707,"senderChainKey":{"iteration":53,"seed":"i/gPM9u0VUxQ62cZbtxuGo73Qe+yqbLss5pzeEMVBzY="},"senderSigningKey":{"public":"BQCo4uFW9SiCXEuxAaxjmpWd2c9xQoFWDRI46OljpHhz"},"senderMessageKeys":[]}]