[{"senderKeyId":1768698736,"senderChainKey":{"iteration":0,"seed":"3XwaX8R/vMGb8Ra5sIIXJmPCOd4UjI1BfxEDGTjp0xs="},"senderSigningKey":{"public":"BfA2YlSdNmPNDOm9G8+JwaDjJ0HmT8+/EJh7p8dtRE1a"},"senderMessageKeys":[]},{"senderKeyId":768636943,"senderChainKey":{"iteration":0,"seed":"kWdUSU+lWrmdPIgKge9jUDSFvO2cldnSDAb/Csy35qg="},"senderSigningKey":{"public":"BbHyxTOcMEAp8pUHfou4w/1kln0ZAsAEUHaNyM5v+O8O"},"senderMessageKeys":[]},{"senderKeyId":768636943,"senderChainKey":{"iteration":0,"seed":"kWdUSU+lWrmdPIgKge9jUDSFvO2cldnSDAb/Csy35qg="},"senderSigningKey":{"public":"BbHyxTOcMEAp8pUHfou4w/1kln0ZAsAEUHaNyM5v+O8O"},"senderMessageKeys":[]},{"senderKeyId":1548366563,"senderChainKey":{"iteration":0,"seed":"IhnNEYrU5D1jYr54A3s8lob5CBmEu+VcDS/ItF60XQg="},"senderSigningKey":{"public":"BeADs5xHSTJEbTVfCH416M66OJw/j7BGHNfQmrT4pFdY"}}]