[{"senderKeyId":2074403128,"senderChainKey":{"iteration":3,"seed":"dVIZA6B5QmiLJYH6c913CNcLI3IqD2Ap/cvZtgy7c7I="},"senderSigningKey":{"public":"Batj6S1b+EnIgfeJXqZvqGSgV6Xhma6F/uVj8wCDAIBx"},"senderMessageKeys":[]},{"senderKeyId":1915340902,"senderChainKey":{"iteration":0,"seed":"+VVMFu5evYMWeNTW7Ak0/HBhGv1O1SohqUwyDWOaf4Q="},"senderSigningKey":{"public":"BWyKu+c4UZOyzce3rx4zshczLK/CyzlvAS7NFBvIQTp/"},"senderMessageKeys":[]},{"senderKeyId":1242588162,"senderChainKey":{"iteration":0,"seed":"Y6iacAMsmfnz51SYBJY/tuPCVr04MpBv16Aw01Xxocs="},"senderSigningKey":{"public":"Bd++u74hPt9Zh7BUXk/weZIS0ZaulypD/NXxVcN0p2Jw"},"senderMessageKeys":[]},{"senderKeyId":1914298243,"senderChainKey":{"iteration":0,"seed":"jvQ2JxCzMXIiYUjt28NxT7u/g+aQX51ELNUpql/nr2I="},"senderSigningKey":{"public":"BQd3ZAXvYVKaT6XBbYLr1lhD70PYdeYZvkVEY/AnRqU9"},"senderMessageKeys":[]},{"senderKeyId":1113122948,"senderChainKey":{"iteration":0,"seed":"P7cOO2BqsNRcSCAWSgCf362FE6DKy47kTVtMQlU7Hvw="},"senderSigningKey":{"public":"BcgpYSwPSGJ2t2FQ6whe2Q+0S67EgLj7Hb4XP4Uk6xxl"}}]