[{"senderKeyId":1662937728,"senderChainKey":{"iteration":3,"seed":"opjP9l3jg3GX/NkKFyEwcFY9IWsxXlgYU5FG1VYnooQ="},"senderSigningKey":{"public":"BVTcpEs0ATaH6uCG+IyJmls/BRQ5KPdtfMzCc7x5zdVw"},"senderMessageKeys":[]},{"senderKeyId":1850942445,"senderChainKey":{"iteration":0,"seed":"FblFc9Obs8ly6NqvKIr05L1NX3OBOKp66V9UxUu7Oq0="},"senderSigningKey":{"public":"BaBsa6pz7gZaU7eFfNtxi6toLezL/c3TRv773hGN4dc0"},"senderMessageKeys":[]},{"senderKeyId":1421281854,"senderChainKey":{"iteration":0,"seed":"DUalCktFZja57NToXd85GdgLya/uttAwVS5OFONQDEI="},"senderSigningKey":{"public":"BUyqn701DWJRcCdwJ4RM1HDednWewAvaq65kKRIQUqA1"},"senderMessageKeys":[]},{"senderKeyId":1399644457,"senderChainKey":{"iteration":0,"seed":"tvWFBZ1xHJsEc5Zgjuczt2nWVlP7nuSxJmB1Iuutb34="},"senderSigningKey":{"public":"BdEPd40aJ6ZqjfP0HSb6VnI+l8FB4rVa+01q9Ytn9XlV"},"senderMessageKeys":[]},{"senderKeyId":54070077,"senderChainKey":{"iteration":0,"seed":"n8gGviNMmLUmc17KxHauttZKVSW4SNeg00m7dchGMOY="},"senderSigningKey":{"public":"BcJVyDZ++GMlb5Uj+CFGZ/L3m5lnyt0fq0V83G9LNQo0"}}]