[{"senderKeyId":1006127305,"senderChainKey":{"iteration":0,"seed":"T682ujlx2XIutbvOSmL5e7clYf/sG9Q6YECJ2OvYPxU="},"senderSigningKey":{"public":"BQRaHNKgMaf1oCn7dk9VNDrxyWCa+1WkEH/DLBQPgg1q"},"senderMessageKeys":[]},{"senderKeyId":447586549,"senderChainKey":{"iteration":0,"seed":"QUuQ0ObBiQ0ZNTBHqaweF8f4cBQcH8BLyYa1HrVr+T4="},"senderSigningKey":{"public":"BUpwx9I3wbUuCeLGFnu0M/nwkJpjdV73sR7iN3Vloe8w"},"senderMessageKeys":[]},{"senderKeyId":447586549,"senderChainKey":{"iteration":0,"seed":"QUuQ0ObBiQ0ZNTBHqaweF8f4cBQcH8BLyYa1HrVr+T4="},"senderSigningKey":{"public":"BUpwx9I3wbUuCeLGFnu0M/nwkJpjdV73sR7iN3Vloe8w"},"senderMessageKeys":[]},{"senderKeyId":1921480231,"senderChainKey":{"iteration":0,"seed":"AmLMWnp2DZygq93qw/YE5CXXvBCGI5vMuuz+O+TJhMY="},"senderSigningKey":{"public":"BX84FBadaJVbUF4NV3Kp8+hBua+Q/zNts4T18OnqaWcI"},"senderMessageKeys":[]},{"senderKeyId":538100079,"senderChainKey":{"iteration":0,"seed":"EwqJg2M6RaUyGUj4shgYRJ97AbuHc9z/xWg9Kj+vf68="},"senderSigningKey":{"public":"Bfa94j5gOqupZ/FWiyPsyG7tFbfnfypga9bqS/91ku9K"}}]