[{"senderKeyId":790357329,"senderChainKey":{"iteration":0,"seed":"QiuAgu5jICgFmwjix2NLxlu12jZu9i6d27GkIfWR1BI="},"senderSigningKey":{"public":"BQcinqVD4i8MTtAxcK3t+0P8TUrUNNbegHIhN3KmB1h/"},"senderMessageKeys":[]},{"senderKeyId":53851626,"senderChainKey":{"iteration":0,"seed":"Zy8WDCh0IP1DOHX2MIHpzPs+qmmLqYjb4l2rAcqEWus="},"senderSigningKey":{"public":"BaaVYbvgnPrZgyetApBO8EptLYdzLaU1a6vn0eqnG5BH"},"senderMessageKeys":[]},{"senderKeyId":1315690793,"senderChainKey":{"iteration":0,"seed":"t4GCgWzsHzEiGK7AnaLBZXJKhAuJvGBv4SrUVEoKens="},"senderSigningKey":{"public":"BUKQPfnXWbWY+D7w/4c3asiLGHUgvN6QvVp6L/D0s+Np"},"senderMessageKeys":[]},{"senderKeyId":628917920,"senderChainKey":{"iteration":0,"seed":"EgcgskoV62Dpodzsjqv3Pm9uat21XcaTHCntzE2UHg8="},"senderSigningKey":{"public":"BSGI0dEjfgLgJwMAKGCCIcUaGYWUHbRP+SZQVL93u7oQ"},"senderMessageKeys":[]},{"senderKeyId":464696975,"senderChainKey":{"iteration":0,"seed":"1FJM1dwaMQN8OzpvchFvHhgcINfSHq9lwKCbms2wB/E="},"senderSigningKey":{"public":"BZyIw09vwHKP87/ZvE+hLmx3rq/3aUfUE9bA7UAOuigq"}}]