[{"senderKeyId":1576302508,"senderChainKey":{"iteration":18,"seed":"Ejv3CdX4+sId5uj9Grr8yazaJtuWg7PGMODAPwtlAi8="},"senderSigningKey":{"public":"BXJCPta81QKm6X1XnBwD7O10/C31rbfgQC1ubRSJVdkM"},"senderMessageKeys":[]},{"senderKeyId":1725048872,"senderChainKey":{"iteration":3,"seed":"OiVimltl2tyvKCR5xbG65pdhmwIMiQ0pYu0D8xWgV8k="},"senderSigningKey":{"public":"BY9SOlTFF43NbHXaWQPF/V6oHdkWBzfP4QUCNu8m0Eh7"},"senderMessageKeys":[]},{"senderKeyId":2084819434,"senderChainKey":{"iteration":19,"seed":"eKvAs1VGc7Zlg4EObcJBp3RuzfJH7JxnKHUzMKP/rqk="},"senderSigningKey":{"public":"BbIWLZzr8nDzXzTrawF+Gmrq7zvHLhJztc/nqCEgW20k"},"senderMessageKeys":[]},{"senderKeyId":1723670468,"senderChainKey":{"iteration":43,"seed":"Me1XWa0NaKlfcddjTFQxoWBy8RQscoxqCsUQu1+NbaU="},"senderSigningKey":{"public":"BSADIzGiMhV7Aw5VBz1ZHZldkxxxBCs2bVkzekAt+7RI"},"senderMessageKeys":[]},{"senderKeyId":1631618756,"senderChainKey":{"iteration":6,"seed":"rImiToimXT8l6emdz1EYGs5ao1jhuv21xp/aa9y0+5Q="},"senderSigningKey":{"public":"BSduaO7ge4/cRdZRlAK3+/6e7O5Y89Rrc0bkDZgbaN55"},"senderMessageKeys":[]}]