{"555192775484@s.whatsapp.net":true,"558591963074@s.whatsapp.net":true,"79272651676@s.whatsapp.net":true,"79272651676:2@s.whatsapp.net":true,"558694420806@s.whatsapp.net":true,"558694420806:4@s.whatsapp.net":true,"5513991402264@s.whatsapp.net":true,"559291746259@s.whatsapp.net":true,"62895342537004@s.whatsapp.net":true,"559284564652@s.whatsapp.net":true,"5521985190963@s.whatsapp.net":true,"905388603833@s.whatsapp.net":true,"5519994288930@s.whatsapp.net":true,"556195919490@s.whatsapp.net":true,"556195919490:4@s.whatsapp.net":true,"559193099544@s.whatsapp.net":true,"5511958066051@s.whatsapp.net":true,"559584273195@s.whatsapp.net":true,"558197853125@s.whatsapp.net":true,"559492863515@s.whatsapp.net":true,"5516988670394@s.whatsapp.net":true,"77778160285@s.whatsapp.net":true,"558294061328@s.whatsapp.net":true,"553399215037@s.whatsapp.net":true,"558694256441@s.whatsapp.net":true,"556791013205@s.whatsapp.net":true,"559981411861@s.whatsapp.net":true,"556992608725@s.whatsapp.net":true,"558294062702@s.whatsapp.net":true,"553195370676@s.whatsapp.net":true,"553195370676:88@s.whatsapp.net":true,"6289636767660@s.whatsapp.net":true,"554488233221@s.whatsapp.net":true,"559484430496@s.whatsapp.net":true,"559484430496:10@s.whatsapp.net":true,"559484430496:11@s.whatsapp.net":true,"5511915355034@s.whatsapp.net":true,"5511915355034:3@s.whatsapp.net":true,"5511915355034:4@s.whatsapp.net":true,"5511915355034:5@s.whatsapp.net":true,"5511915355034:6@s.whatsapp.net":true,"558792098222@s.whatsapp.net":true,"553199742506@s.whatsapp.net":true,"5517992315925@s.whatsapp.net":true,"5517992315925:10@s.whatsapp.net":true,"5517992315925:11@s.whatsapp.net":true,"556299699065@s.whatsapp.net":true,"556299699065:67@s.whatsapp.net":true,"556299699065:68@s.whatsapp.net":true,"558981142487@s.whatsapp.net":true,"5527996169029@s.whatsapp.net":true,"558173199565@s.whatsapp.net":true,"554499241812@s.whatsapp.net":true,"557588108568@s.whatsapp.net":true,"554991519868@s.whatsapp.net":true,"555491154083@s.whatsapp.net":true,"556696324518@s.whatsapp.net":true,"5512991630414@s.whatsapp.net":true,"5513998039114@s.whatsapp.net":true,"5513998039114:24@s.whatsapp.net":true,"554896039447@s.whatsapp.net":true,"559991715654@s.whatsapp.net":true,"5516997911582@s.whatsapp.net":true,"558894855490@s.whatsapp.net":true,"2250502784752@s.whatsapp.net":true,"556796144453@s.whatsapp.net":true,"5511910042937@s.whatsapp.net":true,"554299549483@s.whatsapp.net":true,"553799893704@s.whatsapp.net":true,"554198361116@s.whatsapp.net":true,"559484391098@s.whatsapp.net":true,"559484391098:13@s.whatsapp.net":true,"998770779157@s.whatsapp.net":true,"84395802559@s.whatsapp.net":true,"557999501301@s.whatsapp.net":true,"558181749064@s.whatsapp.net":true,"6285791355583@s.whatsapp.net":true,"97695322625@s.whatsapp.net":true,"5511962580594@s.whatsapp.net":true,"557499653834@s.whatsapp.net":true,"554999143957@s.whatsapp.net":true,"555399868684@s.whatsapp.net":true,"554598467234@s.whatsapp.net":true,"554598467234:9@s.whatsapp.net":true,"558589081865@s.whatsapp.net":true,"553192957830@s.whatsapp.net":true,"5519996394232@s.whatsapp.net":true,"553898370066@s.whatsapp.net":true,"5517988413204@s.whatsapp.net":true,"5517988413204:37@s.whatsapp.net":true,"558899966520@s.whatsapp.net":true,"556493268109@s.whatsapp.net":true,"556791506882@s.whatsapp.net":true,"556798138819@s.whatsapp.net":true,"559891397854@s.whatsapp.net":true,"5515996292367@s.whatsapp.net":true,"558597802561@s.whatsapp.net":true,"556282019494@s.whatsapp.net":true,"553597515160@s.whatsapp.net":true,"555193764857@s.whatsapp.net":true,"555193764857:2@s.whatsapp.net":true,"639854014488@s.whatsapp.net":true,"639456314564@s.whatsapp.net":true,"351912400540@s.whatsapp.net":true,"18297539161@s.whatsapp.net":true,"554797465541@s.whatsapp.net":true,"56974237980@s.whatsapp.net":true,"5511974914761@s.whatsapp.net":true,"558695027886@s.whatsapp.net":true,"559291098482@s.whatsapp.net":true,"555499426178@s.whatsapp.net":true,"555499426178:20@s.whatsapp.net":true,"555499426178:21@s.whatsapp.net":true,"553291173529@s.whatsapp.net":true,"555599735450@s.whatsapp.net":true,"79510373269@s.whatsapp.net":true,"556699435640@s.whatsapp.net":true,"556699435640:64@s.whatsapp.net":true,"5513982338859@s.whatsapp.net":true,"84943845432@s.whatsapp.net":true,"558183572817@s.whatsapp.net":true,"558781781549@s.whatsapp.net":true,"60135832703@s.whatsapp.net":true,"553186197828@s.whatsapp.net":true,"554888383426@s.whatsapp.net":true,"79181276283@s.whatsapp.net":true,"5217331902358@s.whatsapp.net":true,"62895616422822@s.whatsapp.net":true,"559884753163@s.whatsapp.net":true,"553298257232@s.whatsapp.net":true,"420735777320@s.whatsapp.net":true,"558591963074:1@s.whatsapp.net":true,"5511930602062@s.whatsapp.net":true}