[{"senderKeyId":728596008,"senderChainKey":{"iteration":0,"seed":"nUHC5vL1oMX4Q3aC5eK6gp0hWGpFrGbR0Xerm85bpXM="},"senderSigningKey":{"public":"BatPkwGeF4VLwOAI3eeszrUZFn3MPIGGo5Xtk1ITYIVx"},"senderMessageKeys":[]},{"senderKeyId":813826767,"senderChainKey":{"iteration":0,"seed":"TTlesuuPjRyM+5g2UODCOqDga4ZLWW76av+Rqo06gyc="},"senderSigningKey":{"public":"BZuBnTJ38/QgbIoXcZGG+QUzsmeEsXCG4ln3eBySLAsE"},"senderMessageKeys":[]},{"senderKeyId":544672635,"senderChainKey":{"iteration":0,"seed":"Ow6Mmhr/7KzxUXBN2fHL4S293d4eBCa+YxsyD9r08JY="},"senderSigningKey":{"public":"BTvkgkVg021AJbsuVvDOLyHoQHN07Oiadz3ZGOKCuUdF"},"senderMessageKeys":[]},{"senderKeyId":678219990,"senderChainKey":{"iteration":0,"seed":"yD5zH4MZlHlihbZSidrglWZvWkW77hSTheVyS0e1snc="},"senderSigningKey":{"public":"BZOVCEQoFoMgt9FPJ4r2p128SBwga7zrUziqmX3Bhi10"},"senderMessageKeys":[]},{"senderKeyId":2117653761,"senderChainKey":{"iteration":0,"seed":"sP981XbcUCK8hXezCn7eZ0cfHxWfLpinTMCUxFU+hPA="},"senderSigningKey":{"public":"BaPGKYF2gGJKHOPlnzeYvuzyeB6r1dAZkwYotEB+P2ki"}}]