[{"senderKeyId":1568377529,"senderChainKey":{"iteration":67,"seed":"OdEzm4ffYqxfLQi/2X0IYLy0wVgdYsJFWkxisvOGxzM="},"senderSigningKey":{"public":"BS0LNOglwvYL1Ko0cLBFRHB85EEap2hMV5crvywyaLti"},"senderMessageKeys":[]},{"senderKeyId":1568377529,"senderChainKey":{"iteration":34,"seed":"uPz+AbsWz2XqAuFNglkQVxOI8nuykrkkhiYeXPcG7NM="},"senderSigningKey":{"public":"BS0LNOglwvYL1Ko0cLBFRHB85EEap2hMV5crvywyaLti"},"senderMessageKeys":[]},{"senderKeyId":1568377529,"senderChainKey":{"iteration":39,"seed":"Ygyg4O5oOK6j3ttXnV/wf/ZZh58K3NoJSGfN/mWPWZI="},"senderSigningKey":{"public":"BS0LNOglwvYL1Ko0cLBFRHB85EEap2hMV5crvywyaLti"},"senderMessageKeys":[]}]