[{"senderKeyId":920111271,"senderChainKey":{"iteration":0,"seed":"m473Qo/oTtcAwwlZTn6zFKKhhX5F+8hcgXawWsmB8uQ="},"senderSigningKey":{"public":"Beg9YJsjJROQM3vqleRC8aY7NTpU6hsfZ4PsTUd9yaAz"},"senderMessageKeys":[]},{"senderKeyId":463943405,"senderChainKey":{"iteration":0,"seed":"CeleUr+tH+QcNnFXiuBGZUxQb3ckpZMcZqi+PrqItqM="},"senderSigningKey":{"public":"BRa50vkU8Daon1jnsrvSz7G8VnEkdAiW10l7kdzf/hh5"},"senderMessageKeys":[]},{"senderKeyId":681796077,"senderChainKey":{"iteration":0,"seed":"CeoLdPcgRj7w+hea0lwONx7j5b/wcvM6yEqmOqrJD/I="},"senderSigningKey":{"public":"BYXe2MNVmYQ5GZPqEdZ4haLf2lUsQIB/F86u6iPtLG8J"},"senderMessageKeys":[]},{"senderKeyId":265704900,"senderChainKey":{"iteration":0,"seed":"W5Z/lpyNtMjwT6PCt4THC2eBEcxWcEm+lUkLlMK+aag="},"senderSigningKey":{"public":"Bc96iByS3pIuJGwCf19Iu96cgfQhIEeAyqRpy7hIK18F"}}]