[{"senderKeyId":1814666868,"senderChainKey":{"iteration":0,"seed":"QP8RPCF2cOPSxieWSAfcB5yjnQ7aCqTjZ9MdJ95QMio="},"senderSigningKey":{"public":"BXnDis+oJhmjdGsIv1cXxqoLKvYoGkcJqYQe6xlVcKxr"},"senderMessageKeys":[]},{"senderKeyId":957605250,"senderChainKey":{"iteration":0,"seed":"c/BEGfgVqDIiul8wJ05PCdVdmS0CGDzCWuCwCVUmsQQ="},"senderSigningKey":{"public":"BdjAMKlJj1K/Kl5pxZIMmkDc4mlBOQjH8cxJmmod0m5A"},"senderMessageKeys":[]},{"senderKeyId":694102748,"senderChainKey":{"iteration":0,"seed":"rUiqFuEadCBNjhdOD3h0xFPDb/jY+Cg02qJnpO0/WvQ="},"senderSigningKey":{"public":"BZujLpyDe/2+iejRClszR99pXUqKi4tl5EO5X7mmGVEm"},"senderMessageKeys":[]},{"senderKeyId":421965643,"senderChainKey":{"iteration":0,"seed":"rzIO5WOnI49bMlvTbWItm8iBqTnQUYduEY/BfMedYLo="},"senderSigningKey":{"public":"BSIOazFNOFfcLZUORq+RatnI/69hbVJX/eVtnnA7U04L"},"senderMessageKeys":[]},{"senderKeyId":368705941,"senderChainKey":{"iteration":0,"seed":"PikyWUvuMCRu53f59Q7LEKXIneDZn6zcYZcMPEgGtH8="},"senderSigningKey":{"public":"BQoWHU1vys9dZagPxO6PkI6jk/OYyc6Yjz7SxV5btqsT"}}]