[{"senderKeyId":597652713,"senderChainKey":{"iteration":0,"seed":"esxtIdAJUB3CGsHSBZfBZ8w94PCL7oZtT8pLc6ag97E="},"senderSigningKey":{"public":"BaqGSG8RY1ibo4YPhsAzswVtYqGhMkoQNpSOfmWEAqZj"},"senderMessageKeys":[]},{"senderKeyId":2102258403,"senderChainKey":{"iteration":0,"seed":"pOyDEFf4y2lFKN3/L4hiTx9AAsHFeDpVbw709So+Ifw="},"senderSigningKey":{"public":"BZEhAFszIYFDfcReT1Zsw54rBMIsHD/B1KBq6UI5C1R+"},"senderMessageKeys":[]},{"senderKeyId":941003969,"senderChainKey":{"iteration":0,"seed":"MPPwO8bQr79O77eCc3BfcMhnIKsEth7AyxLZIH08FY4="},"senderSigningKey":{"public":"BbahxM22PClCCA6PccvjD+f2kAb5m0EdRPYO+8PeAD8V"},"senderMessageKeys":[]},{"senderKeyId":152915318,"senderChainKey":{"iteration":0,"seed":"vqG6IcUpB9KAr4Tjjlmu4MKd/ApPMnWvCnURl4jIzcQ="},"senderSigningKey":{"public":"BcwHjXuDYjrSybRwmPmzfLOgpWVh+5Tz+jki9O3szGI6"},"senderMessageKeys":[]},{"senderKeyId":1089151633,"senderChainKey":{"iteration":0,"seed":"TYh03CEfyayUR2E0wynDXiYn9kZ8ltGwMWjkP6cBe48="},"senderSigningKey":{"public":"BXHyL4zy32bmZkJ3QAMMchFBS8Q7F9bNPbrLV03MbF8R"}}]