[{"senderKeyId":1055217560,"senderChainKey":{"iteration":156,"seed":"7vIZl64gDllT2+zIPTceknBhHWLp3ULLuTlUd4JqS2Q="},"senderSigningKey":{"public":"BYp8EDqKsEodOU0U+nhn9fnK4aMBwODBctZsVpWWZRpe"},"senderMessageKeys":[{},{},{},{},{},{},{},{},{},{},{},{},{},{},{},{},{},{},{},{},{},{},{},{},{},{},{},{},{},{},{},{},{},{},{},{},{},{},{},{},{},{},{},{},{},{},{},{},{},{},{},{},{},{},{},{},{},{},{},{},{},{},{},{},{},{},{},{},{},{},{},{},{},{},{},{},{},{},{},{},{},{},{},{},{},{},{},{},{},{},{},{},{},{},{},{},{},{},{},{},{},{},{},{},{},{},{},{},{},{},{},{},{},{}]},{"senderKeyId":1055217560,"senderChainKey":{"iteration":24,"seed":"zMBAeSjiLlYHHAjG8R7B3chPmNOU1dxLwOrnMjsF7f0="},"senderSigningKey":{"public":"BYp8EDqKsEodOU0U+nhn9fnK4aMBwODBctZsVpWWZRpe"},"senderMessageKeys":[]},{"senderKeyId":1055217560,"senderChainKey":{"iteration":46,"seed":"lfK+cZkj6ot5ObdCEkv7iInr7q6LZiyHKipeUc7AtY4="},"senderSigningKey":{"public":"BYp8EDqKsEodOU0U+nhn9fnK4aMBwODBctZsVpWWZRpe"},"senderMessageKeys":[]},{"senderKeyId":1055217560,"senderChainKey":{"iteration":61,"seed":"bIQ7//6j0uXsYBx9oROJxse1UG42OcE6f54hL6GPJ3M="},"senderSigningKey":{"public":"BYp8EDqKsEodOU0U+nhn9fnK4aMBwODBctZsVpWWZRpe"},"senderMessageKeys":[]},{"senderKeyId":1055217560,"senderChainKey":{"iteration":133,"seed":"VV3ZS/urWaPDIDA50De79SQQWxn4bnctUZEi+eu4By0="},"senderSigningKey":{"public":"BYp8EDqKsEodOU0U+nhn9fnK4aMBwODBctZsVpWWZRpe"},"senderMessageKeys":[]}]