[{"senderKeyId":585888089,"senderChainKey":{"iteration":0,"seed":"/ILvsbP4ETvZaVEe5rhBchIUW9eSKtjoUOgbRtcNE1M="},"senderSigningKey":{"public":"BY1o+pTyll0JAbA3IJvhgHzxdRhTvhFq7ANrA7EyLKEf"},"senderMessageKeys":[]},{"senderKeyId":1613299639,"senderChainKey":{"iteration":0,"seed":"/VHRaIp6vF/yREKGqo8Ikpcr653MZsTfmdjWxm6QxBQ="},"senderSigningKey":{"public":"BeeKlCmpOHCJk3MXwP5W6nGGVyrXwY3wA0ippzR3b811"},"senderMessageKeys":[]},{"senderKeyId":1471381009,"senderChainKey":{"iteration":0,"seed":"T7wozF1ktrbgYYN+4klRapNDD8D8LJfrCSshmbQStBw="},"senderSigningKey":{"public":"Be4mdSyKgiYj02sgYLakKnyMttaLOJBrKn4n8hY+CkVS"},"senderMessageKeys":[]},{"senderKeyId":223693365,"senderChainKey":{"iteration":0,"seed":"LncrYam+GlLEEub4kXZsdq0cwQDtXvnVxPJhBCW/6WE="},"senderSigningKey":{"public":"BZjF3LDt/o3A8/d6qWvFAkZ303uxMdkWPOFuz4mtFYMf"}}]