[{"senderKeyId":1021491897,"senderChainKey":{"iteration":0,"seed":"jN9M+BpjHMG9xDB2kPH4OUQo8B4qF7JbCuDIJYi/PA0="},"senderSigningKey":{"public":"BdJGW6eEjEvE7aEM02TMYO0/5c5doiNmV5rddGZJNJxb"},"senderMessageKeys":[]},{"senderKeyId":31114789,"senderChainKey":{"iteration":0,"seed":"G39prhSqT0XJMEuAxEgm3GLsDIUVQPq6e2XOieJy0vI="},"senderSigningKey":{"public":"BeBMK6Do/GfgEZR+SMypyBR3fG+5DyR6CzIoL218NUUA"},"senderMessageKeys":[]},{"senderKeyId":989515158,"senderChainKey":{"iteration":0,"seed":"FL3nL07oS6cBLsyNWlp+sGIw20lAF2VxUALyT9Ucqqc="},"senderSigningKey":{"public":"BaXpuDs7gdOEdjbsAEed8j9iV48c22XfNBo35tvPiPxz"},"senderMessageKeys":[]},{"senderKeyId":1907437213,"senderChainKey":{"iteration":0,"seed":"NRfWlX51DiQ0j/puGx8BIAQQ7fGrlsNhG/lPLcXsNWI="},"senderSigningKey":{"public":"BXjmfdYc1s78x15m2lwc0EK6Qu170vPLxRpwwJSXbCgo"},"senderMessageKeys":[]},{"senderKeyId":1633862749,"senderChainKey":{"iteration":0,"seed":"uvPLUvM7KTnWIE73DseyGcYkojlt9x0z3it2ix5k7F0="},"senderSigningKey":{"public":"BbUxBfFjYP6xCfyReprOYwOJogphP/X//+vcmvirrNFQ"}}]