[{"senderKeyId":1441590466,"senderChainKey":{"iteration":4,"seed":"OOQiFM9STdssmrPADhwWspvPupca+Nu39v/+op7mJNg="},"senderSigningKey":{"public":"BfobLya2M/XPPaMgwd7igiIbSPY7w4W1rCJ69qdJegMq"},"senderMessageKeys":[]},{"senderKeyId":1858499960,"senderChainKey":{"iteration":2,"seed":"5y3xM2Ztb0G0JZ3x1pPz2SVn7RzmAFyhseZ2T5ISuqw="},"senderSigningKey":{"public":"BYTpyc9tEw3nfbuJRrZHeCSc5ieZ/xgMkX7SAwDNzp9S"},"senderMessageKeys":[]},{"senderKeyId":299261111,"senderChainKey":{"iteration":1,"seed":"V+UYfdGtfWz0PRVCpYKAWErYn5tZNrZ53EDqGGyfdM0="},"senderSigningKey":{"public":"BWuu6FoJITDBJMWpjqQjTGPr3gm4S0noXtM4Q8waar8y"},"senderMessageKeys":[]},{"senderKeyId":1578477003,"senderChainKey":{"iteration":12,"seed":"TvTinyusmDxJbRr/aXEa9hyo3+2wmoEWVWHaRD6fYTw="},"senderSigningKey":{"public":"Bb2+hxD7bl7/gSsUttXl5fHH2rVK37Z1agGFHJT++3Z1"},"senderMessageKeys":[]},{"senderKeyId":1232213877,"senderChainKey":{"iteration":6,"seed":"mTaJprHLhCfMFjNjJ4WeP4oJTLsuEZm4FOdaHPtwM4c="},"senderSigningKey":{"public":"BcwL48ugIxrvQD8uTSYXzlmoP25Ubg5YNu6SLrvFsOtV"},"senderMessageKeys":[]}]