[{"senderKeyId":257649081,"senderChainKey":{"iteration":6,"seed":"0RQCeOLA9YRQnjp7kVpij5T2w0wTp/dRkxpxUGUuMwY="},"senderSigningKey":{"public":"Bcj4mBPB33C+suZ30NdtkXRQ08SayyLWOt5lPb62SAJD"},"senderMessageKeys":[]},{"senderKeyId":1416120745,"senderChainKey":{"iteration":6,"seed":"q6KAY24cWTw/IGl8VSWp5fm3K3SAr/pdlav/ova0szU="},"senderSigningKey":{"public":"BSkuk6AnLrZaBo+XjzZLox6i9BfUT2pM+Ue7BcGEHvM+"},"senderMessageKeys":[]},{"senderKeyId":927014464,"senderChainKey":{"iteration":5,"seed":"ANjYjgYFrEKWyzSTb0eepiuTcg9uZLlUTl1Kct1jmRw="},"senderSigningKey":{"public":"BfdUrfatkA6eXOn2ivpm3VgiLNv134lW10eMGwHiwdwY"},"senderMessageKeys":[]},{"senderKeyId":21372092,"senderChainKey":{"iteration":7,"seed":"MSWC7P7GlPNbAR+L2wUjjgyfTfZTMiwF/2i+T6eStWo="},"senderSigningKey":{"public":"BWnrPR+bMFUHj9GclZBXlB1YWoiuqOv9j/Jwnmqm7ZZW"},"senderMessageKeys":[]},{"senderKeyId":1556961370,"senderChainKey":{"iteration":3,"seed":"bogmHL/g+oVW0/LMAOGZsh9NfdQ+5SvBdfj4XcUXumw="},"senderSigningKey":{"public":"BSPtiTbiM/MO30N7RL1USrMzLO71Pv5O9eSwbjW5tSBb"},"senderMessageKeys":[]}]