[{"senderKeyId":2065715897,"senderChainKey":{"iteration":18,"seed":"Rvzqzh5+Vq990R3XKdmnDoddvaqoREOGesStLnKeRmg="},"senderSigningKey":{"public":"BQTeMuakiKIDyaSi+qcA+IwCgUb/hEIwi2BZtItSG8Uq"},"senderMessageKeys":[]},{"senderKeyId":926509603,"senderChainKey":{"iteration":1,"seed":"o6dWlwzCbgl49hSzuuHFetqCEAEx8UbkM7VgWa/MjLE="},"senderSigningKey":{"public":"BcRw51V9B2hym3mhcMO7PZaBpyGUkGq43dKYlfqaoWs6"},"senderMessageKeys":[]},{"senderKeyId":1742726468,"senderChainKey":{"iteration":12,"seed":"c0w9IVGIaCwfrp8ukfoF4g5VVrKo8Ae3TmP9GoNVJ6Q="},"senderSigningKey":{"public":"BXH2+UR2SwR8kq3oQr9FOPl5JEzJ63IHpWJmqHFpr3g+"},"senderMessageKeys":[]},{"senderKeyId":2066351201,"senderChainKey":{"iteration":4,"seed":"WF1gbMaoZMU+tg7Vo9oSNPcqG/zP36IUyDGVx9mOFvw="},"senderSigningKey":{"public":"BVzWAJ/VhLj0m9r/umIn/1GxRCkUF6KtWrfJg1RkUtYH"},"senderMessageKeys":[]},{"senderKeyId":616853782,"senderChainKey":{"iteration":0,"seed":"qK61Z3fb/WyIPyG/sV4rE2E+Dsq8GmiejGei7Bx30DE="},"senderSigningKey":{"public":"Bf1GrLQQ/uYkD/Np3qglhu2Yx35o2FetucZaiN9jA7AQ"}}]