[{"senderKeyId":1513589669,"senderChainKey":{"iteration":4,"seed":"I5JCofwPjz9aRpQ6AVCV+7r5mB8xFqyZdPS2MhaAz7M="},"senderSigningKey":{"public":"BZ153oAW/AdARc3pKFov4IdaELRONzGafvJNWCrM+0IB"},"senderMessageKeys":[]},{"senderKeyId":1513589669,"senderChainKey":{"iteration":2,"seed":"nbzfZHY+AOSh7o+n7GBgmBFxtV+Bpus1V4nRwGBt6Qs="},"senderSigningKey":{"public":"BZ153oAW/AdARc3pKFov4IdaELRONzGafvJNWCrM+0IB"},"senderMessageKeys":[]},{"senderKeyId":1519938471,"senderChainKey":{"iteration":3,"seed":"bHULC9ZnYk2j/e7JBGj654D78uAXEvJqRMwBPZX1dv8="},"senderSigningKey":{"public":"BXzoLQeqVv2ga1rbDSeKkiDlucDcMiKQxRPwyLDVU1w/"},"senderMessageKeys":[]}]