[{"senderKeyId":2033808103,"senderChainKey":{"iteration":31,"seed":"hyePmyshdpOsM2VebPpPsmKg+1Zv6kIV4r9THG8a/BA="},"senderSigningKey":{"public":"BUaEj5IPiuHqDa5yItq/9H6w3GEmtzrr65+HF6hAjlwE"},"senderMessageKeys":[]},{"senderKeyId":1487965418,"senderChainKey":{"iteration":44,"seed":"4skC/L8wgNGkxQw4ebvkdWiEzCleXlVRYTog8EYb4qw="},"senderSigningKey":{"public":"BWVYddzUt25RUesJqHQ7jdO8PE83Zetb8MDQ/5Y8MmF+"},"senderMessageKeys":[{}]},{"senderKeyId":1487965418,"senderChainKey":{"iteration":21,"seed":"26v4NsPlomLHCWVa3arHToYUBRdF5ehvBUTVF8xvDVI="},"senderSigningKey":{"public":"BWVYddzUt25RUesJqHQ7jdO8PE83Zetb8MDQ/5Y8MmF+"},"senderMessageKeys":[]},{"senderKeyId":264682029,"senderChainKey":{"iteration":4,"seed":"WVrDq3pYDC6VNoEWfxSvfxP8P/rR8D7B5om4HkrGD6M="},"senderSigningKey":{"public":"BUL/7J1hIA3PycttSyO/hLhiqtmS0ZzoTh20tvWpCGcI"},"senderMessageKeys":[]},{"senderKeyId":1669014299,"senderChainKey":{"iteration":4,"seed":"5Ts/xnUFmwQweOu0xnHrQXNcDlYb/eBkYrwQKvmnehc="},"senderSigningKey":{"public":"BZR+K4cMSh9cCQRyst9a7aWNIj+jGgvBedBVLs2Iu30T"},"senderMessageKeys":[]}]