{"_sessions":{"BbpfAoV1xwOia9Npj5lHm+RcmTUtZAxgLjdFu9ReYEVc":{"registrationId":331549098,"currentRatchet":{"ephemeralKeyPair":{"pubKey":"BbrqzbtO3sSl1/i5aqETCTc1t69dC9ufWnZQdIez9lE/","privKey":"wEgrLKw4UvSK6AAavQkAFP9c8tE1BH0VMDd0fHCb32w="},"lastRemoteEphemeralKey":"BbOn2hlsI2p1L1Z+/42DYG9ZUUGkTnOmeTk4t7M4t6Z0","previousCounter":0,"rootKey":"hGJAroykYXaxGuTfrkBwBankllx20gc7FJ/A8q3jytE="},"indexInfo":{"baseKey":"BbpfAoV1xwOia9Npj5lHm+RcmTUtZAxgLjdFu9ReYEVc","baseKeyType":2,"closed":-1,"used":1738263948106,"created":1738263948106,"remoteIdentityKey":"BZVbYG5ehO0gCTp3PeNpNrdJJbEZphJeoOdzgP2ghZcB"},"_chains":{"BbOn2hlsI2p1L1Z+/42DYG9ZUUGkTnOmeTk4t7M4t6Z0":{"chainKey":{"counter":0,"key":"M49aXBnSSqsY6WkvYV4wcTy3V9+U1YF5KU1vRFQKXJI="},"chainType":2,"messageKeys":{}},"BbrqzbtO3sSl1/i5aqETCTc1t69dC9ufWnZQdIez9lE/":{"chainKey":{"counter":-1,"key":"XxdSu36eC5nxZWZV1RK7Y13mEVhFzr2nDavi/Ucn6xk="},"chainType":1,"messageKeys":{}}}}},"version":"v1"}