{"_sessions":{"BVJteuvZMdaP9MI1ikcx6DCU9txTQR2rUlMLbcoZMNFo":{"registrationId":234714826,"currentRatchet":{"ephemeralKeyPair":{"pubKey":"BQrdpR+Lv4yJH7lhm8qGkQRkAEGk4uG5pfb2Cwk7Mt5n","privKey":"GLo0BVr33htTcimysJz5aTy5Qo8VPrOl6jnWvOaLBWw="},"lastRemoteEphemeralKey":"BbPg4+YsXT44jP5DGu5x6KoGQnXWyXYtwSm0r+LBrMI4","previousCounter":0,"rootKey":"uT8cgHlqzZ1pIzHpzq796CzT9sT81VLu4LyP55+xomM="},"indexInfo":{"baseKey":"BVJteuvZMdaP9MI1ikcx6DCU9txTQR2rUlMLbcoZMNFo","baseKeyType":2,"closed":-1,"used":1738260171487,"created":1738260171487,"remoteIdentityKey":"Ba3qst0hhU9pCxF+Og4Wn/eaXade673zD/1kEWSaCFJg"},"_chains":{"BbPg4+YsXT44jP5DGu5x6KoGQnXWyXYtwSm0r+LBrMI4":{"chainKey":{"counter":0,"key":"ZDwGCbMTQiLpK63YzXnMghnqzhU1Cad66wZ5HrCcMdk="},"chainType":2,"messageKeys":{}},"BQrdpR+Lv4yJH7lhm8qGkQRkAEGk4uG5pfb2Cwk7Mt5n":{"chainKey":{"counter":-1,"key":"z+B2trz2IFU76RowS9FgXv6RaWRRtXRO+zH4d8ICJ3g="},"chainType":1,"messageKeys":{}}}}},"version":"v1"}