{"_sessions":{"BWmU0cL/geZx6sLYE3FZLe4bAcOSNMZL3ZAO16xok+hT":{"registrationId":267785922,"currentRatchet":{"ephemeralKeyPair":{"pubKey":"Be0aKVpdj0VKo+o3BR4tvfT0w9zX713LQUNd1XGdnhch","privKey":"CELT2bbWgkYcQM43Q15EQQvr1uEuPMtnalSEwa1MZ0I="},"lastRemoteEphemeralKey":"BeXMbUrner6BBe+YPUB8fc4XUqBOWl99EUxh1XlFPH4s","previousCounter":0,"rootKey":"fAq0EPBMFX7SgMvf1Kp9EwhQa+L0YVQKTHEGAwa/b3o="},"indexInfo":{"baseKey":"BWmU0cL/geZx6sLYE3FZLe4bAcOSNMZL3ZAO16xok+hT","baseKeyType":2,"closed":-1,"used":1738260170448,"created":1738260170448,"remoteIdentityKey":"BeVFhG1CkUyUDAiPN0E2yttxdYdLs4ToIvNpTpy06IMF"},"_chains":{"BeXMbUrner6BBe+YPUB8fc4XUqBOWl99EUxh1XlFPH4s":{"chainKey":{"counter":0,"key":"px5qrd8mHbdgrC1ZVW/NqyNFJTX92o2qCQQfdpok14w="},"chainType":2,"messageKeys":{}},"Be0aKVpdj0VKo+o3BR4tvfT0w9zX713LQUNd1XGdnhch":{"chainKey":{"counter":-1,"key":"zce0cZ4BQX9+eQXqferQOUxCxTqyy5JMMfHriacFGB8="},"chainType":1,"messageKeys":{}}}}},"version":"v1"}