{"_sessions":{"BUlttp7ExJcSPdQwpyYp1WsIp6coRLYm9qT7y86tKDpg":{"registrationId":872594836,"currentRatchet":{"ephemeralKeyPair":{"pubKey":"BSlTE5aMB9SwW4zzbbp5OrduZcI3iYBSo/cI1Pjw5qQw","privKey":"yBpth5rHRKN5VbunshB+TZLaNMUvbQYg9Sc14W3/i0g="},"lastRemoteEphemeralKey":"BZt5SSPyeYHaBIAsaWvwBbf3KtRAWkuK73HaYFf7kMZq","previousCounter":0,"rootKey":"NCQuGTAKR5+ZI6V52F+JD7ifLEw7bmL15Xkp4Ehg6C0="},"indexInfo":{"baseKey":"BUlttp7ExJcSPdQwpyYp1WsIp6coRLYm9qT7y86tKDpg","baseKeyType":2,"closed":-1,"used":1738272964551,"created":1738272964551,"remoteIdentityKey":"BdpDfYWrlzG7arWLOaOokl5ASEqDuYizg1BHBXChELMT"},"_chains":{"BZt5SSPyeYHaBIAsaWvwBbf3KtRAWkuK73HaYFf7kMZq":{"chainKey":{"counter":0,"key":"mEiguMnjfteGFOv32snrZE7o2LpSZNIlHwbG9xOhKAc="},"chainType":2,"messageKeys":{}},"BSlTE5aMB9SwW4zzbbp5OrduZcI3iYBSo/cI1Pjw5qQw":{"chainKey":{"counter":-1,"key":"jQYSXZIjTmKDZ+q7mdzbJV1eZDwuZBYWjbUP1BHTfU8="},"chainType":1,"messageKeys":{}}}}},"version":"v1"}