{"_sessions":{"BUVD63wTzGI/lcex/S5lrz3A/ICDCg8b0xTm8vUTTMs+":{"registrationId":821041029,"currentRatchet":{"ephemeralKeyPair":{"pubKey":"BX0emtPRknLq4cXdd30TchbU3MkpPo1FE6tt328p6Vcn","privKey":"oKYHkdIVbqar6uZ5ggY4F/ageAlxuoeB5NsKL2A37GM="},"lastRemoteEphemeralKey":"Bb/Fd8wFkUlzBTpKiOyVVN3Ys7taFuB84y0pGOAymGE9","previousCounter":0,"rootKey":"q2idDOCRHpMLipX1L7C+B0C5WpjRWKq62daYTgfCezU="},"indexInfo":{"baseKey":"BUVD63wTzGI/lcex/S5lrz3A/ICDCg8b0xTm8vUTTMs+","baseKeyType":2,"closed":-1,"used":1738258890520,"created":1738258890520,"remoteIdentityKey":"BQR8qxVnfMzLN7WCdA6mZ0uKuOtHa4VQFhjID/j1s7ZU"},"_chains":{"Bb/Fd8wFkUlzBTpKiOyVVN3Ys7taFuB84y0pGOAymGE9":{"chainKey":{"counter":1,"key":"Ygj4B/QDrrfyZAyxoVxb5o701Mh6g9pkMb9XdC7jOo8="},"chainType":2,"messageKeys":{}},"BX0emtPRknLq4cXdd30TchbU3MkpPo1FE6tt328p6Vcn":{"chainKey":{"counter":-1,"key":"FXMxLr+WbxI2LkiZhn9fwmqi0azhsyVxP3EJquqQ+K0="},"chainType":1,"messageKeys":{}}}}},"version":"v1"}