{"_sessions":{"BW4a9lshxVrVhtX+MzDWjy/4l/kOE+dDhMNYT8lAnfx2":{"registrationId":165758980,"currentRatchet":{"ephemeralKeyPair":{"pubKey":"BenhP4qfTKlzFpgYh4C2KrKUVl0Qi6FF4/nQipsyfKZm","privKey":"8LnSKs2930Byj5uLnmGjHeoa1937CB8g89qtfdXb+kk="},"lastRemoteEphemeralKey":"BVu54PtncUq52D36NcnIhWyysTtHj0vBF3LFbhtC8Hkg","previousCounter":0,"rootKey":"4jZW/nq9GZCw7S7cmzQDZqftiIzizrKhqHyYAKocfp0="},"indexInfo":{"baseKey":"BW4a9lshxVrVhtX+MzDWjy/4l/kOE+dDhMNYT8lAnfx2","baseKeyType":2,"closed":-1,"used":1738282452870,"created":1738282452870,"remoteIdentityKey":"BY5nsBJ3cE0Yd9W5aR+bAUM8LYfoR8nQAgxKTyYU8HMg"},"_chains":{"BVu54PtncUq52D36NcnIhWyysTtHj0vBF3LFbhtC8Hkg":{"chainKey":{"counter":0,"key":"G6PaLPYkVC++xHB8YtcKS+442WfP6h2NgDRtVGuJll0="},"chainType":2,"messageKeys":{}},"BenhP4qfTKlzFpgYh4C2KrKUVl0Qi6FF4/nQipsyfKZm":{"chainKey":{"counter":-1,"key":"rBR4L9sbMkcJLrHX+zDfFD+3YXniU4hP8sQULi+lO5Q="},"chainType":1,"messageKeys":{}}}}},"version":"v1"}