{"_sessions":{"BcoWU3lsUqmqG3/tjKICQvI3YjjlytbY5jce0dswRrU/":{"registrationId":556235474,"currentRatchet":{"ephemeralKeyPair":{"pubKey":"BbMBcH+lZX//OU2Vrl/qs9uPDS7F0BCav/SVHDxh9WAl","privKey":"QIbq40z9yXYiaocGwVm4GHXIfipWMkex49yNrxNYF1A="},"lastRemoteEphemeralKey":"BZCook8oXOCSv28CEtWLswjhMfvj7ofO9wv0HPnZKSVL","previousCounter":0,"rootKey":"HD40WEBlSmrVgFY0jcZev4veVwKZUnuoyzmAHC//qow="},"indexInfo":{"baseKey":"BcoWU3lsUqmqG3/tjKICQvI3YjjlytbY5jce0dswRrU/","baseKeyType":2,"closed":-1,"used":1738260171614,"created":1738260171614,"remoteIdentityKey":"BRx/OhXNx/jILf9rDKft2Sgd0uB0SvbkL4ksAshJvgVq"},"_chains":{"BZCook8oXOCSv28CEtWLswjhMfvj7ofO9wv0HPnZKSVL":{"chainKey":{"counter":0,"key":"mdlrvF/FZ+Qao7bXjQn6V3xWc6Cv/Ac9h8z9VRXqYvo="},"chainType":2,"messageKeys":{}},"BbMBcH+lZX//OU2Vrl/qs9uPDS7F0BCav/SVHDxh9WAl":{"chainKey":{"counter":-1,"key":"0NxN6jjV+3Tfw8+Z2q7on6PBFml6Ht6p62GHMhc3sIc="},"chainType":1,"messageKeys":{}}}}},"version":"v1"}