{"_sessions":{"BZm3rkoj0WP+3SbOs3glMbDmIE29lqjK62p7wpDDlbYE":{"registrationId":307280731,"currentRatchet":{"ephemeralKeyPair":{"pubKey":"BR0OHdpMeGcrrn3DjT3+QGBNbKvoXzqrenBkKRsjj7xC","privKey":"SLYsOpFsx5624Jxqr0f8BFIa2g7pQw9VwGrqmsqkIXA="},"lastRemoteEphemeralKey":"BeOits2pNOkIdfKlV1aK0VmSxv1vQoqM2Oh26N0iggAF","previousCounter":0,"rootKey":"vJQwRv74hkOnqWIGgbO7ZT5pec+uy9ctG1SompyzGPo="},"indexInfo":{"baseKey":"BZm3rkoj0WP+3SbOs3glMbDmIE29lqjK62p7wpDDlbYE","baseKeyType":2,"closed":-1,"used":1738202840232,"created":1738202840232,"remoteIdentityKey":"BY80u1Wxi7ZvmgqLa7rF3SNJX56amcawh2imp2vRpIkl"},"_chains":{"BeOits2pNOkIdfKlV1aK0VmSxv1vQoqM2Oh26N0iggAF":{"chainKey":{"counter":0,"key":"P0m7ge0aOS3+DfXlYdA4KB654zKaDx1v7dSTuyNkQe0="},"chainType":2,"messageKeys":{}},"BR0OHdpMeGcrrn3DjT3+QGBNbKvoXzqrenBkKRsjj7xC":{"chainKey":{"counter":-1,"key":"Fa5MVdfJcGIjZgFbNolfSFAUaNwKWOVE3gJaHIaM2cA="},"chainType":1,"messageKeys":{}}}}},"version":"v1"}