{"_sessions":{"BblDnM5fL0s4YfX71Xni447SsTk0gDwOrXE6cM7uoVRW":{"registrationId":1104125292,"currentRatchet":{"ephemeralKeyPair":{"pubKey":"BQaWz5XvdnB0m8/ONt80lc+kLxwUR83Pz5nm4+qGNU5G","privKey":"MEf+TUHnMoXhSuoAxlN9MIW1pdmAj6b4T/TWQx4d2kA="},"lastRemoteEphemeralKey":"BRgl7rlq8daAScy7iE3TRrDWACxWlMA31jqV6XzuQGkt","previousCounter":0,"rootKey":"M3IvTMzr32PZjkWdMnD+oKlTRGNYrcdfxccjym7q4YY="},"indexInfo":{"baseKey":"BblDnM5fL0s4YfX71Xni447SsTk0gDwOrXE6cM7uoVRW","baseKeyType":2,"closed":-1,"used":1738260618667,"created":1738260618667,"remoteIdentityKey":"BXWioKs0d+MuIrgXHKPVgjindUvErFI8Ox03uuodunhx"},"_chains":{"BRgl7rlq8daAScy7iE3TRrDWACxWlMA31jqV6XzuQGkt":{"chainKey":{"counter":1,"key":"obtq7xjdPHG58f8bUJZ/hlKny7Pzpm6Wbmm7A7lZico="},"chainType":2,"messageKeys":{}},"BQaWz5XvdnB0m8/ONt80lc+kLxwUR83Pz5nm4+qGNU5G":{"chainKey":{"counter":-1,"key":"Hkmj9KnKMkXdhaASIOVLLipPOzXDc7Odoz6Ab5gQaiY="},"chainType":1,"messageKeys":{}}}}},"version":"v1"}