{"_sessions":{"BVGb0i7Z10YeJSTTCRYs3MYELpFl2RUF8oH1G0yJzXR3":{"registrationId":1730180118,"currentRatchet":{"ephemeralKeyPair":{"pubKey":"Bf04ys6OIkyGLp+Vfx4oMGKPDZRpPPqBhZYwJjGwpOdr","privKey":"cLZ6nxirn1oWLxn6QUjQLGfJRGiLFAWBYgkHyicrf10="},"lastRemoteEphemeralKey":"BR0zwPFQC9iJcOaaKDp6GkC/qidZZq2YztNRP0DwqnU2","previousCounter":0,"rootKey":"PnV1RYCvvdb2MLu5ZLvIhTRjBHgDkg8d47Vjz3fOxhI="},"indexInfo":{"baseKey":"BVGb0i7Z10YeJSTTCRYs3MYELpFl2RUF8oH1G0yJzXR3","baseKeyType":2,"closed":-1,"used":1738261450520,"created":1738261450520,"remoteIdentityKey":"BTdtwoMoiBvB9TmVjXJwDYRGPklT1zaGj4YpQG0Vhv4W"},"_chains":{"BR0zwPFQC9iJcOaaKDp6GkC/qidZZq2YztNRP0DwqnU2":{"chainKey":{"counter":0,"key":"L4H6QxVB+2Tn1qhUQzNmsv1H74m1/sAbyC+o8XUwhJg="},"chainType":2,"messageKeys":{}},"Bf04ys6OIkyGLp+Vfx4oMGKPDZRpPPqBhZYwJjGwpOdr":{"chainKey":{"counter":-1,"key":"kP/JAYRGU6fa5FMzBxoyJqKV8kuR2ndnehDWajkuUJU="},"chainType":1,"messageKeys":{}}}}},"version":"v1"}