{"_sessions":{"BbT/lGQeoXP+gV2EnuQXrDLh5PI4XXFtWVyhWybl3Z8j":{"registrationId":1649009620,"currentRatchet":{"ephemeralKeyPair":{"pubKey":"Bfo95/O4RhkPONXHkPLHNT5cVxTJYfbn0fefLeK9O01g","privKey":"uPNfU637H6gsEGVjJ67GtH02Tx35E82vQnXGJpiMl0c="},"lastRemoteEphemeralKey":"BZDxyYlU5hF8ocbrl+ZYnO3Vg0jYNcsDDjvbYx6CX5Vo","previousCounter":0,"rootKey":"oE9k/joKmjW31Ebn1eQeoSJdfTnMlUMASIW+oa9Uz/E="},"indexInfo":{"baseKey":"BbT/lGQeoXP+gV2EnuQXrDLh5PI4XXFtWVyhWybl3Z8j","baseKeyType":2,"closed":-1,"used":1738266525298,"created":1738266525298,"remoteIdentityKey":"BZ7TsAzyY4UUqg1b1S0h3XFaZOuHwnM6NlfQ/ygR210k"},"_chains":{"BZDxyYlU5hF8ocbrl+ZYnO3Vg0jYNcsDDjvbYx6CX5Vo":{"chainKey":{"counter":0,"key":"8hNdzwwgB/sBvznLfp7prteGvIaL0hWi8lbxwjDf0VA="},"chainType":2,"messageKeys":{}},"Bfo95/O4RhkPONXHkPLHNT5cVxTJYfbn0fefLeK9O01g":{"chainKey":{"counter":-1,"key":"Egwp+26r9SO/fCoPXI28WUPGt3L27Yle8KxFjNR/CZk="},"chainType":1,"messageKeys":{}}}}},"version":"v1"}