{
  "crtt": "𝐉𝐎𝐆𝐎 𝐃𝐀 𝐕𝐄𝐋𝐇𝐀",
  "forwarding": false,
  "menu_audio": true,
  "verificado": false,
  "consoleoff": true,
  "antipv": false,
  "antipv2": false,
  "anticall": true,
  "visualizarmsg": true,
  "modoaluguel": false,
  "msgpv": true,
  "botoff": false,
  "botoes": false,
  "stopcmdlist": true,
  "recarga": false,
  "host": "TERMUX / HOST WEB",
  "API_KEY_FREE": "compre uma apikey e coloque ela aqui",
  "AssemblyApiKey": "11d7fb1a4e8f4e4fac85d3b9be844b4a",
  "blacksite": "https://blacksystemofc.com.br",
  "idchatofc": "120363317584827478@g.us",
  "idprivategp": "120363317584827478@g.us",
  "listanegraG": [],
  "dono1": ".",
  "dono2": ".",
  "dono3": ".",
  "dono4": ".",
  "dono5": ".",
  "dono6": "."
}
