{
  "aluguel": [
    {"id": 1, "tempo": 15, "valor": 10},
    {"id": 2, "tempo": 30, "valor": 15},
    {"id": 3, "tempo": 60, "valor": 30},
    {"id": 4, "tempo": 90, "valor": 45},
    {"id": 5, "tempo": 120, "valor": 60}
  ],
  "allvip": {
    "vip": 6,
    "vipcp": 10,
    "vipgp": 40,
    "vipgpcp": 55
  },
  "cardxp": [
    {
      "velocidade": "2x",
      "dados": [
        {"id": 1, "valor": 5, "tempo": 24},
        {"id": 2, "valor": 7.5, "tempo": 48},
        {"id": 3, "valor": 10, "tempo": 72},
        {"id": 4, "valor": 20, "tempo": 168}
      ]
    },
    {
      "velocidade": "3x",
      "dados": [
        {"id": 1, "valor": 9, "tempo": 24},
        {"id": 2, "valor": 13.5, "tempo": 48},
        {"id": 3, "valor": 18, "tempo": 72},
        {"id": 4, "valor": 32, "tempo": 168}
      ]
    }
  ]
}