[
  {
    "groupId": "120363372825590721@g.us",
    "acctive": true,
    "horarios": []
  },
  {
    "groupId": "120363375038932442@g.us",
    "acctive": true,
    "horarios": [
      {
        "id": "290125232723",
        "start": false,
        "mentions": false,
        "text": "ADMIN MATHEUS ON",
        "adm": [
          "559484430496@s.whatsapp.net"
        ],
        "tempo": {
          "horario": "",
          "type": "",
          "valor": "",
          "dias": "",
          "save": ""
        },
        "imagem": []
      }
    ]
  },
  {
    "groupId": "120363317248860160@g.us",
    "acctive": true,
    "horarios": []
  },
  {
    "groupId": "120363376721170335@g.us",
    "acctive": true,
    "horarios": []
  },
  {
    "groupId": "120363345337714418@g.us",
    "acctive": true,
    "horarios": []
  },
  {
    "groupId": "120363395956191045@g.us",
    "acctive": true,
    "horarios": []
  },
  {
    "groupId": "120363330239998629@g.us",
    "acctive": true,
    "horarios": []
  },
  {
    "groupId": "120363362086012836@g.us",
    "acctive": true,
    "horarios": []
  },
  {
    "groupId": "120363347061071587@g.us",
    "acctive": true,
    "horarios": []
  },
  {
    "groupId": "120363368158527051@g.us",
    "acctive": true,
    "horarios": []
  },
  {
    "groupId": "120363356736584903@g.us",
    "acctive": true,
    "horarios": []
  },
  {
    "groupId": "120363317584827478@g.us",
    "acctive": true,
    "horarios": []
  }
]