[
  {
    "groupId": "120363372825590721@g.us",
    "horarios": []
  },
  {
    "groupId": "120363375038932442@g.us",
    "horarios": []
  },
  {
    "groupId": "120363317248860160@g.us",
    "horarios": []
  },
  {
    "groupId": "120363376721170335@g.us",
    "horarios": []
  },
  {
    "groupId": "120363345337714418@g.us",
    "horarios": []
  },
  {
    "groupId": "120363395956191045@g.us",
    "horarios": [
      {
        "id": "290125210450",
        "func": "close",
        "hora": "21:05",
        "dias": 0,
        "save": "29",
        "cobrado": true,
        "adm": "559484391098@s.whatsapp.net"
      }
    ]
  },
  {
    "groupId": "120363330239998629@g.us",
    "horarios": []
  },
  {
    "groupId": "120363362086012836@g.us",
    "horarios": []
  },
  {
    "groupId": "120363347061071587@g.us",
    "horarios": []
  },
  {
    "groupId": "120363368158527051@g.us",
    "horarios": []
  },
  {
    "groupId": "120363356736584903@g.us",
    "horarios": []
  },
  {
    "groupId": "120363317584827478@g.us",
    "horarios": []
  }
]